/*
Navicat MySQL Data Transfer

Source Server         : 192.168.10.134
Source Server Version : 100033
Source Host           : 192.168.10.134:3306
Source Database       : salesactivities

Target Server Type    : MYSQL
Target Server Version : 100033
File Encoding         : 65001

Date: 2020-02-03 10:12:14
*/

SET FOREIGN_KEY_CHECKS=0;

-- ----------------------------
-- Table structure for activity
-- ----------------------------
DROP TABLE IF EXISTS `activity`;
CREATE TABLE `activity` (
  `id` int(10) unsigned NOT NULL AUTO_INCREMENT,
  `customer_id` int(10) unsigned NOT NULL,
  `activitytype_id` int(10) unsigned NOT NULL,
  `workflow_id` int(10) unsigned NOT NULL,
  `message` text NOT NULL,
  `pin` varchar(10) DEFAULT NULL,
  `telephone` varchar(30) DEFAULT NULL,
  `isp` varchar(100) DEFAULT NULL,
  `bandwith` varchar(100) DEFAULT NULL,
  `location` varchar(100) DEFAULT NULL,
  `budget` decimal(10,0) DEFAULT NULL,
  `telephone_date` datetime DEFAULT NULL,
  `get_log` tinyint(1) NOT NULL DEFAULT '0',
  `created_date` timestamp NOT NULL DEFAULT CURRENT_TIMESTAMP,
  PRIMARY KEY (`id`),
  KEY `fk_activity_activitytype1_idx` (`activitytype_id`),
  KEY `fk_activity_customer1_idx` (`customer_id`),
  KEY `fk_activity_workflow1_idx` (`workflow_id`),
  CONSTRAINT `fk_activity_activitytype1` FOREIGN KEY (`activitytype_id`) REFERENCES `activitytype` (`id`) ON DELETE NO ACTION ON UPDATE NO ACTION,
  CONSTRAINT `fk_activity_customer1` FOREIGN KEY (`customer_id`) REFERENCES `customer` (`id`) ON DELETE NO ACTION ON UPDATE NO ACTION,
  CONSTRAINT `fk_activity_workflow1` FOREIGN KEY (`workflow_id`) REFERENCES `workflow` (`id`) ON DELETE NO ACTION ON UPDATE NO ACTION
) ENGINE=InnoDB AUTO_INCREMENT=17 DEFAULT CHARSET=latin1;

-- ----------------------------
-- Records of activity
-- ----------------------------
INSERT INTO `activity` VALUES ('1', '1', '1', '1', 'Follow up kembali pukul 14.00', '4637', '0215674223', '', '', '', '0', '2019-07-26 10:17:00', '1', '2019-07-26 10:18:03');
INSERT INTO `activity` VALUES ('2', '2', '1', '1', 'tidak di angkat', '4724', '02182483255', '-', '-', 'Bekasi', '0', '2019-07-26 10:01:00', '1', '2019-07-26 10:52:05');
INSERT INTO `activity` VALUES ('3', '3', '1', '1', 'FU ulang pukul 12.00', '4637', '0213904418', 'Biznet', '-', 'Jakarta', '0', '2019-08-01 09:48:00', '1', '2019-08-02 10:56:41');
INSERT INTO `activity` VALUES ('4', '4', '1', '1', 'kirimkan pengenalan dan penawaran via email', '4637', '02179180234', 'indihome', '20', 'Jakarta', '0', '2019-08-01 15:22:00', '1', '2019-08-02 11:04:14');
INSERT INTO `activity` VALUES ('5', '5', '1', '1', 'Kirimkan company profile dan penawaran via email PIC', '4637', '0215868726', 'indo global mandiri', '75', 'Jakarta', '10000000', '2019-08-02 11:20:00', '1', '2019-08-02 11:42:09');
INSERT INTO `activity` VALUES ('6', '6', '1', '1', 'Langsung berikan penawaran', '4637', '0217817247', 'indihome', '30', 'Jakarta', '1', '2019-08-07 14:40:00', '1', '2019-08-07 15:26:13');
INSERT INTO `activity` VALUES ('7', '7', '1', '1', 'IT stand by setiap hari sabtu', '4637', '0217817823', '-', '-', '-', '1', '2019-08-08 09:24:00', '1', '2019-08-08 09:48:39');
INSERT INTO `activity` VALUES ('8', '8', '1', '1', 'kirimkan pengenalan via email ke Pak Daru', '4637', '02129406999', '-', '-', 'Jakarta', '1', '2019-08-19 10:25:00', '1', '2019-08-19 10:33:58');
INSERT INTO `activity` VALUES ('9', '9', '1', '1', 'Kontrak habis masih lama, kirimkan pengenalan lewat email PIC', '4637', '0217362445', 'Fibernet', '50', 'Jakarta', '1', '2019-08-19 14:29:00', '1', '2019-08-19 14:34:54');
INSERT INTO `activity` VALUES ('10', '10', '1', '1', 'Penawaran kirimkan langsung ke email PIC\r\nkebutuhan upgrade bandwidth ke 200 mbps dan cloud', '4637', '0281623321', 'citranet', '100', 'Purwokerto', '14000000', '2019-09-02 10:54:00', '1', '2019-09-02 14:55:01');
INSERT INTO `activity` VALUES ('11', '11', '1', '1', 'FU ulang', '4637', '0265326058', '-', '-', 'Tasikmalaya', '1', '2019-09-02 14:35:00', '1', '2019-09-02 14:59:55');
INSERT INTO `activity` VALUES ('12', '12', '1', '1', 'test', 'test', '123456789', 'indihome', '20', 'test', '1000000', '2019-09-17 09:58:00', '1', '2019-09-18 10:00:12');
INSERT INTO `activity` VALUES ('13', '14', '1', '1', 'Tersambun dengan PIC', '4735', '0215544515', 'Telkom', '20', 'Jl. KH Hasyim Ashari No.KM. 3, RT.003/RW.002, Poris Plawad Indah, Kec. Cipondoh, Kota Tangerang, Ban', '2000000', '2019-10-07 13:30:00', '1', '2019-10-07 13:55:12');
INSERT INTO `activity` VALUES ('14', '15', '1', '1', 'Follow up ', '4637', '0281636584', '-', '-', 'Purwokerto', '0', '2019-10-08 10:14:00', '1', '2019-10-08 10:19:26');
INSERT INTO `activity` VALUES ('15', '16', '1', '1', 'Langsung Canvasing', '4367', '0281636293', '-', '-', 'Purwokerto', '0', '2019-10-08 10:26:00', '1', '2019-10-08 10:35:08');
INSERT INTO `activity` VALUES ('16', '13', '3', '2', 'test', null, null, null, null, null, null, null, '0', '2019-10-08 14:01:58');

-- ----------------------------
-- Table structure for activitytype
-- ----------------------------
DROP TABLE IF EXISTS `activitytype`;
CREATE TABLE `activitytype` (
  `id` int(10) unsigned NOT NULL AUTO_INCREMENT,
  `name` varchar(50) NOT NULL,
  PRIMARY KEY (`id`)
) ENGINE=InnoDB AUTO_INCREMENT=5 DEFAULT CHARSET=latin1;

-- ----------------------------
-- Records of activitytype
-- ----------------------------
INSERT INTO `activitytype` VALUES ('1', 'Call');
INSERT INTO `activitytype` VALUES ('2', 'Email');
INSERT INTO `activitytype` VALUES ('3', 'Meeting');
INSERT INTO `activitytype` VALUES ('4', 'Negotiation');

-- ----------------------------
-- Table structure for bastphoto
-- ----------------------------
DROP TABLE IF EXISTS `bastphoto`;
CREATE TABLE `bastphoto` (
  `id` int(10) unsigned NOT NULL AUTO_INCREMENT,
  `officialreportdata_id` int(10) unsigned NOT NULL,
  `file` varchar(200) NOT NULL,
  PRIMARY KEY (`id`),
  KEY `fk_bastphoto_officialreportdata1_idx` (`officialreportdata_id`),
  CONSTRAINT `fk_bastphoto_officialreportdata1` FOREIGN KEY (`officialreportdata_id`) REFERENCES `officialreportdata` (`id`) ON DELETE NO ACTION ON UPDATE NO ACTION
) ENGINE=InnoDB DEFAULT CHARSET=latin1;

-- ----------------------------
-- Records of bastphoto
-- ----------------------------

-- ----------------------------
-- Table structure for ci_sessions
-- ----------------------------
DROP TABLE IF EXISTS `ci_sessions`;
CREATE TABLE `ci_sessions` (
  `id` varchar(40) NOT NULL,
  `ip_address` varchar(45) NOT NULL,
  `timestamp` int(10) unsigned NOT NULL DEFAULT '0',
  `data` blob NOT NULL,
  PRIMARY KEY (`id`),
  KEY `ci_sessions_timestamp` (`timestamp`)
) ENGINE=InnoDB DEFAULT CHARSET=latin1;

-- ----------------------------
-- Records of ci_sessions
-- ----------------------------
INSERT INTO `ci_sessions` VALUES ('047cmbascuflp85ko23b18d2u4e8n1kl', '192.168.10.181', '1580670002', 0x5F5F63695F6C6173745F726567656E65726174657C693A313538303637303030323B);
INSERT INTO `ci_sessions` VALUES ('09k7tfe6umri7373fb6bk6icmo5434vc', '192.168.10.91', '1580698247', 0x5F5F63695F6C6173745F726567656E65726174657C693A313538303639383234323B69647C733A313A2231223B656D706C6F7965655F69647C733A313A2231223B656D706C6F7965655F7569647C733A343A2234313130223B757365725F6E616D657C733A31363A22416264756C20416B62617220417A697A223B6C6576656C757365725F69647C733A313A2231223B6C6576656C5F6E616D657C733A31333A2241646D696E6973747261746F72223B656D61696C7C733A32383A22616B6261722E617A697A406D6F726174656C696E646F2E636F2E6964223B6163746976657C733A313A2231223B666F746F7C4E3B);
INSERT INTO `ci_sessions` VALUES ('0c1pgqf0qu92eqbvcv84iqk4jhhb2lbm', '192.168.10.181', '1580612401', 0x5F5F63695F6C6173745F726567656E65726174657C693A313538303631323430313B);
INSERT INTO `ci_sessions` VALUES ('0uquo71r6i33q3q9qmf2sd1e64perunk', '192.168.10.181', '1580364002', 0x5F5F63695F6C6173745F726567656E65726174657C693A313538303336343030323B);
INSERT INTO `ci_sessions` VALUES ('1hisdkr80vinda67mtcnl2d4l1gnj0v9', '192.168.10.181', '1580392801', 0x5F5F63695F6C6173745F726567656E65726174657C693A313538303339323830313B);
INSERT INTO `ci_sessions` VALUES ('1mfn57srrvnc7mv48ua1r36ihif9rs6t', '192.168.10.91', '1580450628', 0x5F5F63695F6C6173745F726567656E65726174657C693A313538303435303531363B69647C733A323A223332223B656D706C6F7965655F69647C733A323A223332223B656D706C6F7965655F7569647C733A343A2233333538223B757365725F6E616D657C733A31353A224C6172617320536574796177696469223B6C6576656C757365725F69647C733A313A2231223B6C6576656C5F6E616D657C733A31333A2241646D696E6973747261746F72223B656D61696C7C733A33333A226C617261732E736574796177696469406D6F726174656C696E646F2E636F2E6964223B6163746976657C733A313A2231223B666F746F7C4E3B);
INSERT INTO `ci_sessions` VALUES ('1q0tsa67mfq4iut7glflembqig92gso6', '127.0.0.1', '1580444200', 0x5F5F63695F6C6173745F726567656E65726174657C693A313538303434343032363B69647C733A323A223332223B656D706C6F7965655F69647C733A323A223332223B656D706C6F7965655F7569647C733A343A2233333538223B757365725F6E616D657C733A31353A224C6172617320536574796177696469223B6C6576656C757365725F69647C733A313A2231223B6C6576656C5F6E616D657C733A31333A2241646D696E6973747261746F72223B656D61696C7C733A33333A226C617261732E736574796177696469406D6F726174656C696E646F2E636F2E6964223B6163746976657C733A313A2231223B666F746F7C4E3B);
INSERT INTO `ci_sessions` VALUES ('1vge7ap2c67d4kf8dme52fuo63ksvf7p', '192.168.10.181', '1580677201', 0x5F5F63695F6C6173745F726567656E65726174657C693A313538303637373230313B);
INSERT INTO `ci_sessions` VALUES ('22i0igs4e8quii7ad995602b89kjkk56', '192.168.10.181', '1580479202', 0x5F5F63695F6C6173745F726567656E65726174657C693A313538303437393230323B);
INSERT INTO `ci_sessions` VALUES ('27tdh4t453usmhq36v1pk738ia9baqsh', '127.0.0.1', '1580436773', 0x5F5F63695F6C6173745F726567656E65726174657C693A313538303433363534343B69647C733A323A223332223B656D706C6F7965655F69647C733A323A223332223B656D706C6F7965655F7569647C733A343A2233333538223B757365725F6E616D657C733A31353A224C6172617320536574796177696469223B6C6576656C757365725F69647C733A313A2231223B6C6576656C5F6E616D657C733A31333A2241646D696E6973747261746F72223B656D61696C7C733A33333A226C617261732E736574796177696469406D6F726174656C696E646F2E636F2E6964223B6163746976657C733A313A2231223B666F746F7C4E3B);
INSERT INTO `ci_sessions` VALUES ('2c20cbl6k5csql88f24pubfqg1tfeja8', '127.0.0.1', '1580373268', 0x5F5F63695F6C6173745F726567656E65726174657C693A313538303337333036373B69647C733A323A223332223B656D706C6F7965655F69647C733A323A223332223B656D706C6F7965655F7569647C733A343A2233333538223B757365725F6E616D657C733A31353A224C6172617320536574796177696469223B6C6576656C757365725F69647C733A313A2231223B6C6576656C5F6E616D657C733A31333A2241646D696E6973747261746F72223B656D61696C7C733A33333A226C617261732E736574796177696469406D6F726174656C696E646F2E636F2E6964223B6163746976657C733A313A2231223B666F746F7C4E3B);
INSERT INTO `ci_sessions` VALUES ('2q9odl7luv2qh7d659l25ts9k15p0eef', '192.168.10.181', '1580436002', 0x5F5F63695F6C6173745F726567656E65726174657C693A313538303433363030323B);
INSERT INTO `ci_sessions` VALUES ('30tmnqenf2rra875dj78r82l663io05q', '192.168.10.181', '1580616001', 0x5F5F63695F6C6173745F726567656E65726174657C693A313538303631363030313B);
INSERT INTO `ci_sessions` VALUES ('3779rqn7i7sfol800l0a8v5ldc2kvet4', '192.168.10.181', '1580454001', 0x5F5F63695F6C6173745F726567656E65726174657C693A313538303435343030313B);
INSERT INTO `ci_sessions` VALUES ('3kp4hpgqostu8m0iejkfj1hlqndpetgk', '127.0.0.1', '1580392820', 0x5F5F63695F6C6173745F726567656E65726174657C693A313538303339323730313B69647C733A323A223332223B656D706C6F7965655F69647C733A323A223332223B656D706C6F7965655F7569647C733A343A2233333538223B757365725F6E616D657C733A31353A224C6172617320536574796177696469223B6C6576656C757365725F69647C733A313A2231223B6C6576656C5F6E616D657C733A31333A2241646D696E6973747261746F72223B656D61696C7C733A33333A226C617261732E736574796177696469406D6F726174656C696E646F2E636F2E6964223B6163746976657C733A313A2231223B666F746F7C4E3B);
INSERT INTO `ci_sessions` VALUES ('3qk5dt7hkfmi8t1dgtu8j7huuoj0qi1v', '127.0.0.1', '1580373011', 0x5F5F63695F6C6173745F726567656E65726174657C693A313538303337323733383B69647C733A323A223332223B656D706C6F7965655F69647C733A323A223332223B656D706C6F7965655F7569647C733A343A2233333538223B757365725F6E616D657C733A31353A224C6172617320536574796177696469223B6C6576656C757365725F69647C733A313A2231223B6C6576656C5F6E616D657C733A31333A2241646D696E6973747261746F72223B656D61696C7C733A33333A226C617261732E736574796177696469406D6F726174656C696E646F2E636F2E6964223B6163746976657C733A313A2231223B666F746F7C4E3B);
INSERT INTO `ci_sessions` VALUES ('3s0311r79l7g00rpuvs93f05ricuvbgh', '192.168.10.181', '1580515202', 0x5F5F63695F6C6173745F726567656E65726174657C693A313538303531353230323B);
INSERT INTO `ci_sessions` VALUES ('4nsfobrf561i4fjnl49dn9lh997329dd', '192.168.10.91', '1580377700', 0x5F5F63695F6C6173745F726567656E65726174657C693A313538303337373534363B69647C733A313A2231223B656D706C6F7965655F69647C733A313A2231223B656D706C6F7965655F7569647C733A343A2234313130223B757365725F6E616D657C733A31363A22416264756C20416B62617220417A697A223B6C6576656C757365725F69647C733A313A2231223B6C6576656C5F6E616D657C733A31333A2241646D696E6973747261746F72223B656D61696C7C733A32383A22616B6261722E617A697A406D6F726174656C696E646F2E636F2E6964223B6163746976657C733A313A2231223B666F746F7C4E3B);
INSERT INTO `ci_sessions` VALUES ('4sm0m858filom7qeca782atara6dpub3', '192.168.10.181', '1580619602', 0x5F5F63695F6C6173745F726567656E65726174657C693A313538303631393630323B);
INSERT INTO `ci_sessions` VALUES ('4ug5sud8se33ntlcgdnslf0lpf9nn9q3', '192.168.10.181', '1580684401', 0x5F5F63695F6C6173745F726567656E65726174657C693A313538303638343430313B);
INSERT INTO `ci_sessions` VALUES ('5am1r78sa7d88fipm65gqg9r8km8anut', '127.0.0.1', '1580438823', 0x5F5F63695F6C6173745F726567656E65726174657C693A313538303433383537313B69647C733A323A223332223B656D706C6F7965655F69647C733A323A223332223B656D706C6F7965655F7569647C733A343A2233333538223B757365725F6E616D657C733A31353A224C6172617320536574796177696469223B6C6576656C757365725F69647C733A313A2231223B6C6576656C5F6E616D657C733A31333A2241646D696E6973747261746F72223B656D61696C7C733A33333A226C617261732E736574796177696469406D6F726174656C696E646F2E636F2E6964223B6163746976657C733A313A2231223B666F746F7C4E3B);
INSERT INTO `ci_sessions` VALUES ('5en43fngqb6d4u6drg0t14ms6e44ki1f', '192.168.10.181', '1580374801', 0x5F5F63695F6C6173745F726567656E65726174657C693A313538303337343830313B);
INSERT INTO `ci_sessions` VALUES ('5g9caacbpoehtm2unsm9f3c7gm1584lo', '192.168.10.181', '1580666401', 0x5F5F63695F6C6173745F726567656E65726174657C693A313538303636363430313B);
INSERT INTO `ci_sessions` VALUES ('5irpl5r1g7iqlmj3e0oatbl6pq11h8fp', '127.0.0.1', '1580368118', 0x5F5F63695F6C6173745F726567656E65726174657C693A313538303336373933393B69647C733A323A223332223B656D706C6F7965655F69647C733A323A223332223B656D706C6F7965655F7569647C733A343A2233333538223B757365725F6E616D657C733A31353A224C6172617320536574796177696469223B6C6576656C757365725F69647C733A313A2231223B6C6576656C5F6E616D657C733A31333A2241646D696E6973747261746F72223B656D61696C7C733A33333A226C617261732E736574796177696469406D6F726174656C696E646F2E636F2E6964223B6163746976657C733A313A2231223B666F746F7C4E3B);
INSERT INTO `ci_sessions` VALUES ('5ldu49r9hiugj0j0aurruvi29ct8use1', '192.168.10.181', '1580630402', 0x5F5F63695F6C6173745F726567656E65726174657C693A313538303633303430323B);
INSERT INTO `ci_sessions` VALUES ('5rrnppnf0e4vo1keg474sujnck5p92ie', '192.168.10.181', '1580558401', 0x5F5F63695F6C6173745F726567656E65726174657C693A313538303535383430313B);
INSERT INTO `ci_sessions` VALUES ('5tb4vbcahpdoi35a3lbm9d9kfcbl6sbr', '192.168.10.181', '1580594401', 0x5F5F63695F6C6173745F726567656E65726174657C693A313538303539343430313B);
INSERT INTO `ci_sessions` VALUES ('5vv7cg6ckl006hitgm72rb7evcb04a2m', '127.0.0.1', '1580446408', 0x5F5F63695F6C6173745F726567656E65726174657C693A313538303434363235383B69647C733A323A223332223B656D706C6F7965655F69647C733A323A223332223B656D706C6F7965655F7569647C733A343A2233333538223B757365725F6E616D657C733A31353A224C6172617320536574796177696469223B6C6576656C757365725F69647C733A313A2231223B6C6576656C5F6E616D657C733A31333A2241646D696E6973747261746F72223B656D61696C7C733A33333A226C617261732E736574796177696469406D6F726174656C696E646F2E636F2E6964223B6163746976657C733A313A2231223B666F746F7C4E3B);
INSERT INTO `ci_sessions` VALUES ('63recsqve4q99gma3s1uddh34kk3gh5o', '192.168.10.181', '1580569202', 0x5F5F63695F6C6173745F726567656E65726174657C693A313538303536393230323B);
INSERT INTO `ci_sessions` VALUES ('6ubphd5d823m01rv48n96t3c5mht5oo1', '192.168.10.181', '1580407202', 0x5F5F63695F6C6173745F726567656E65726174657C693A313538303430373230313B);
INSERT INTO `ci_sessions` VALUES ('72nb6o7202sbfr14ejrj151opcst62i1', '192.168.10.181', '1580490001', 0x5F5F63695F6C6173745F726567656E65726174657C693A313538303439303030313B);
INSERT INTO `ci_sessions` VALUES ('73m3m4a1a69vla2cjhkmkdv0mj4sqe19', '127.0.0.1', '1580443566', 0x5F5F63695F6C6173745F726567656E65726174657C693A313538303434333336363B69647C733A323A223332223B656D706C6F7965655F69647C733A323A223332223B656D706C6F7965655F7569647C733A343A2233333538223B757365725F6E616D657C733A31353A224C6172617320536574796177696469223B6C6576656C757365725F69647C733A313A2231223B6C6576656C5F6E616D657C733A31333A2241646D696E6973747261746F72223B656D61696C7C733A33333A226C617261732E736574796177696469406D6F726174656C696E646F2E636F2E6964223B6163746976657C733A313A2231223B666F746F7C4E3B);
INSERT INTO `ci_sessions` VALUES ('73opdbmqoqfovjj4n718uolus9da6q7s', '127.0.0.1', '1580392326', 0x5F5F63695F6C6173745F726567656E65726174657C693A313538303339323131353B69647C733A323A223332223B656D706C6F7965655F69647C733A323A223332223B656D706C6F7965655F7569647C733A343A2233333538223B757365725F6E616D657C733A31353A224C6172617320536574796177696469223B6C6576656C757365725F69647C733A313A2231223B6C6576656C5F6E616D657C733A31333A2241646D696E6973747261746F72223B656D61696C7C733A33333A226C617261732E736574796177696469406D6F726174656C696E646F2E636F2E6964223B6163746976657C733A313A2231223B666F746F7C4E3B);
INSERT INTO `ci_sessions` VALUES ('73tvarnbfttk0duhlaintknbgjv0m0nc', '192.168.10.181', '1580598002', 0x5F5F63695F6C6173745F726567656E65726174657C693A313538303539383030323B);
INSERT INTO `ci_sessions` VALUES ('7m8vad3tvk4qp6tsvtmblu1ep9347i6d', '127.0.0.1', '1580438392', 0x5F5F63695F6C6173745F726567656E65726174657C693A313538303433383232323B69647C733A323A223332223B656D706C6F7965655F69647C733A323A223332223B656D706C6F7965655F7569647C733A343A2233333538223B757365725F6E616D657C733A31353A224C6172617320536574796177696469223B6C6576656C757365725F69647C733A313A2231223B6C6576656C5F6E616D657C733A31333A2241646D696E6973747261746F72223B656D61696C7C733A33333A226C617261732E736574796177696469406D6F726174656C696E646F2E636F2E6964223B6163746976657C733A313A2231223B666F746F7C4E3B);
INSERT INTO `ci_sessions` VALUES ('7n46vqf4vc9mf2p73fn5cbgm4o1avonr', '192.168.10.181', '1580450402', 0x5F5F63695F6C6173745F726567656E65726174657C693A313538303435303430323B);
INSERT INTO `ci_sessions` VALUES ('7rb4l0btvo1p7ptst0n125curudmvd08', '127.0.0.1', '1580367528', 0x5F5F63695F6C6173745F726567656E65726174657C693A313538303336373532383B);
INSERT INTO `ci_sessions` VALUES ('800jf7kp8aj8761nhvld7i99fh9to5ir', '192.168.10.181', '1580652001', 0x5F5F63695F6C6173745F726567656E65726174657C693A313538303635323030313B);
INSERT INTO `ci_sessions` VALUES ('80nplb5dojouggu783omai318jq8um8u', '192.168.10.181', '1580601602', 0x5F5F63695F6C6173745F726567656E65726174657C693A313538303630313630323B);
INSERT INTO `ci_sessions` VALUES ('811lsnp7mm0r8f4p81c3boo8iu5h64ht', '192.168.10.181', '1580468401', 0x5F5F63695F6C6173745F726567656E65726174657C693A313538303436383430313B);
INSERT INTO `ci_sessions` VALUES ('85ufdn6mlk9gnbp27gcu6o0cejgn0vr1', '192.168.10.181', '1580425202', 0x5F5F63695F6C6173745F726567656E65726174657C693A313538303432353230323B);
INSERT INTO `ci_sessions` VALUES ('8boc6rkarq6q1lamf06c751lo82k1pe8', '127.0.0.1', '1580373579', 0x5F5F63695F6C6173745F726567656E65726174657C693A313538303337333531393B69647C733A323A223332223B656D706C6F7965655F69647C733A323A223332223B656D706C6F7965655F7569647C733A343A2233333538223B757365725F6E616D657C733A31353A224C6172617320536574796177696469223B6C6576656C757365725F69647C733A313A2231223B6C6576656C5F6E616D657C733A31333A2241646D696E6973747261746F72223B656D61696C7C733A33333A226C617261732E736574796177696469406D6F726174656C696E646F2E636F2E6964223B6163746976657C733A313A2231223B666F746F7C4E3B);
INSERT INTO `ci_sessions` VALUES ('8l28ucf43s5asqmh3cl8d3bl71qb05fl', '192.168.10.181', '1580432401', 0x5F5F63695F6C6173745F726567656E65726174657C693A313538303433323430313B);
INSERT INTO `ci_sessions` VALUES ('8qmst3slkpjm2487r3qmsa19vs28109t', '192.168.10.181', '1580583603', 0x5F5F63695F6C6173745F726567656E65726174657C693A313538303538333630323B);
INSERT INTO `ci_sessions` VALUES ('93rh2jt0md4co1ega95ot2mlsvb8bgij', '192.168.10.181', '1580446802', 0x5F5F63695F6C6173745F726567656E65726174657C693A313538303434363830323B);
INSERT INTO `ci_sessions` VALUES ('9cc4e2lg6qp71rpe71e08ba78jv5tf8d', '192.168.10.181', '1580522402', 0x5F5F63695F6C6173745F726567656E65726174657C693A313538303532323430323B);
INSERT INTO `ci_sessions` VALUES ('9dp4rgb8uh1emq2489k24uqtqk5ijs92', '192.168.10.181', '1580378402', 0x5F5F63695F6C6173745F726567656E65726174657C693A313538303337383430323B);
INSERT INTO `ci_sessions` VALUES ('9fqkbravp7ms7bn4go379833f62ih1pi', '127.0.0.1', '1580381674', 0x5F5F63695F6C6173745F726567656E65726174657C693A313538303338313631343B69647C733A323A223332223B656D706C6F7965655F69647C733A323A223332223B656D706C6F7965655F7569647C733A343A2233333538223B757365725F6E616D657C733A31353A224C6172617320536574796177696469223B6C6576656C757365725F69647C733A313A2231223B6C6576656C5F6E616D657C733A31333A2241646D696E6973747261746F72223B656D61696C7C733A33333A226C617261732E736574796177696469406D6F726174656C696E646F2E636F2E6964223B6163746976657C733A313A2231223B666F746F7C4E3B);
INSERT INTO `ci_sessions` VALUES ('9lnop09fgqsnr7eugpb5mm7q4v1qcd6e', '192.168.10.181', '1580526001', 0x5F5F63695F6C6173745F726567656E65726174657C693A313538303532363030313B);
INSERT INTO `ci_sessions` VALUES ('9msl4i0kf4aqegsfbvsf7niao9oli69q', '192.168.10.181', '1580544001', 0x5F5F63695F6C6173745F726567656E65726174657C693A313538303534343030313B);
INSERT INTO `ci_sessions` VALUES ('9p3q1d8s8v46panu5ejfkuem3jndadp4', '127.0.0.1', '1580369531', 0x5F5F63695F6C6173745F726567656E65726174657C693A313538303336393530363B69647C733A323A223332223B656D706C6F7965655F69647C733A323A223332223B656D706C6F7965655F7569647C733A343A2233333538223B757365725F6E616D657C733A31353A224C6172617320536574796177696469223B6C6576656C757365725F69647C733A313A2231223B6C6576656C5F6E616D657C733A31333A2241646D696E6973747261746F72223B656D61696C7C733A33333A226C617261732E736574796177696469406D6F726174656C696E646F2E636F2E6964223B6163746976657C733A313A2231223B666F746F7C4E3B);
INSERT INTO `ci_sessions` VALUES ('a415bel3rvrl1pfkh5e85omiacgtnfvg', '192.168.10.91', '1580451291', 0x5F5F63695F6C6173745F726567656E65726174657C693A313538303435313033383B69647C733A323A223332223B656D706C6F7965655F69647C733A323A223332223B656D706C6F7965655F7569647C733A343A2233333538223B757365725F6E616D657C733A31353A224C6172617320536574796177696469223B6C6576656C757365725F69647C733A313A2231223B6C6576656C5F6E616D657C733A31333A2241646D696E6973747261746F72223B656D61696C7C733A33333A226C617261732E736574796177696469406D6F726174656C696E646F2E636F2E6964223B6163746976657C733A313A2231223B666F746F7C4E3B);
INSERT INTO `ci_sessions` VALUES ('ae39ger44mjb8ndjlkoctnd8mlbg2i33', '127.0.0.1', '1580381597', 0x5F5F63695F6C6173745F726567656E65726174657C693A313538303338313330393B69647C733A323A223332223B656D706C6F7965655F69647C733A323A223332223B656D706C6F7965655F7569647C733A343A2233333538223B757365725F6E616D657C733A31353A224C6172617320536574796177696469223B6C6576656C757365725F69647C733A313A2231223B6C6576656C5F6E616D657C733A31333A2241646D696E6973747261746F72223B656D61696C7C733A33333A226C617261732E736574796177696469406D6F726174656C696E646F2E636F2E6964223B6163746976657C733A313A2231223B666F746F7C4E3B);
INSERT INTO `ci_sessions` VALUES ('aee4l4g2phr8qh64id3k8l1dtpal54r4', '192.168.10.181', '1580648402', 0x5F5F63695F6C6173745F726567656E65726174657C693A313538303634383430323B);
INSERT INTO `ci_sessions` VALUES ('aocfm21p73l8frg3ovqsgbuel8g4vnd7', '192.168.10.181', '1580443202', 0x5F5F63695F6C6173745F726567656E65726174657C693A313538303434333230323B);
INSERT INTO `ci_sessions` VALUES ('atbvuk2voluha8cqsnjunl9evrv291kq', '192.168.10.181', '1580410801', 0x5F5F63695F6C6173745F726567656E65726174657C693A313538303431303830313B);
INSERT INTO `ci_sessions` VALUES ('b8ce8osb96mt90qu7o7nc93pbdqrg4dn', '192.168.10.181', '1580695201', 0x5F5F63695F6C6173745F726567656E65726174657C693A313538303639353230313B);
INSERT INTO `ci_sessions` VALUES ('bolb0q3r1l3ln5iivul0mqi2om4dgh64', '127.0.0.1', '1580446911', 0x5F5F63695F6C6173745F726567656E65726174657C693A313538303434363637343B69647C733A323A223332223B656D706C6F7965655F69647C733A323A223332223B656D706C6F7965655F7569647C733A343A2233333538223B757365725F6E616D657C733A31353A224C6172617320536574796177696469223B6C6576656C757365725F69647C733A313A2231223B6C6576656C5F6E616D657C733A31333A2241646D696E6973747261746F72223B656D61696C7C733A33333A226C617261732E736574796177696469406D6F726174656C696E646F2E636F2E6964223B6163746976657C733A313A2231223B666F746F7C4E3B);
INSERT INTO `ci_sessions` VALUES ('c2k4qekqjg0i4u3ko96cc4pla9cq5avf', '192.168.10.181', '1580688002', 0x5F5F63695F6C6173745F726567656E65726174657C693A313538303638383030323B);
INSERT INTO `ci_sessions` VALUES ('c7rsdklcianocma4p22vio2csbk2bk7f', '192.168.10.181', '1580493602', 0x5F5F63695F6C6173745F726567656E65726174657C693A313538303439333630323B);
INSERT INTO `ci_sessions` VALUES ('ccfht0ap7655vmrnubnqoottpovnpjni', '127.0.0.1', '1580373935', 0x5F5F63695F6C6173745F726567656E65726174657C693A313538303337333836393B69647C733A323A223332223B656D706C6F7965655F69647C733A323A223332223B656D706C6F7965655F7569647C733A343A2233333538223B757365725F6E616D657C733A31353A224C6172617320536574796177696469223B6C6576656C757365725F69647C733A313A2231223B6C6576656C5F6E616D657C733A31333A2241646D696E6973747261746F72223B656D61696C7C733A33333A226C617261732E736574796177696469406D6F726174656C696E646F2E636F2E6964223B6163746976657C733A313A2231223B666F746F7C4E3B);
INSERT INTO `ci_sessions` VALUES ('cnd95urpbijrkqggfbth4h4a9uu4sqv8', '192.168.10.181', '1580504401', 0x5F5F63695F6C6173745F726567656E65726174657C693A313538303530343430313B);
INSERT INTO `ci_sessions` VALUES ('cqv2jibeingj9o0s95a65lbol8gpcop1', '127.0.0.1', '1580372350', 0x5F5F63695F6C6173745F726567656E65726174657C693A313538303337323130363B69647C733A323A223332223B656D706C6F7965655F69647C733A323A223332223B656D706C6F7965655F7569647C733A343A2233333538223B757365725F6E616D657C733A31353A224C6172617320536574796177696469223B6C6576656C757365725F69647C733A313A2231223B6C6576656C5F6E616D657C733A31333A2241646D696E6973747261746F72223B656D61696C7C733A33333A226C617261732E736574796177696469406D6F726174656C696E646F2E636F2E6964223B6163746976657C733A313A2231223B666F746F7C4E3B);
INSERT INTO `ci_sessions` VALUES ('cvq4j3ufv5acohvc7pq73ab6s076d5as', '192.168.10.181', '1580587202', 0x5F5F63695F6C6173745F726567656E65726174657C693A313538303538373230323B);
INSERT INTO `ci_sessions` VALUES ('deotkvc6bk624vm7ildo4b47jnmdv2jr', '192.168.10.181', '1580518802', 0x5F5F63695F6C6173745F726567656E65726174657C693A313538303531383830323B);
INSERT INTO `ci_sessions` VALUES ('dertq1sg565r9m661upg6qko70t0b33c', '192.168.10.181', '1580482801', 0x5F5F63695F6C6173745F726567656E65726174657C693A313538303438323830313B);
INSERT INTO `ci_sessions` VALUES ('dk1nspktasqcf3380gvff4733ju7tfjv', '192.168.10.181', '1580547601', 0x5F5F63695F6C6173745F726567656E65726174657C693A313538303534373630313B);
INSERT INTO `ci_sessions` VALUES ('du7jabdk3h451bd8n6g5a5fb1rf8uu07', '192.168.10.91', '1580699203', 0x5F5F63695F6C6173745F726567656E65726174657C693A313538303639383939393B69647C733A323A223332223B656D706C6F7965655F69647C733A323A223332223B656D706C6F7965655F7569647C733A343A2233333538223B757365725F6E616D657C733A31353A224C6172617320536574796177696469223B6C6576656C757365725F69647C733A313A2231223B6C6576656C5F6E616D657C733A31333A2241646D696E6973747261746F72223B656D61696C7C733A33333A226C617261732E736574796177696469406D6F726174656C696E646F2E636F2E6964223B6163746976657C733A313A2231223B666F746F7C4E3B);
INSERT INTO `ci_sessions` VALUES ('ebuupdjp2a4uokk1h1gr6c4vhkld8b9j', '127.0.0.1', '1580371747', 0x5F5F63695F6C6173745F726567656E65726174657C693A313538303337313734313B69647C733A323A223332223B656D706C6F7965655F69647C733A323A223332223B656D706C6F7965655F7569647C733A343A2233333538223B757365725F6E616D657C733A31353A224C6172617320536574796177696469223B6C6576656C757365725F69647C733A313A2231223B6C6576656C5F6E616D657C733A31333A2241646D696E6973747261746F72223B656D61696C7C733A33333A226C617261732E736574796177696469406D6F726174656C696E646F2E636F2E6964223B6163746976657C733A313A2231223B666F746F7C4E3B);
INSERT INTO `ci_sessions` VALUES ('f20pc4lc93bf19t3jsegkuv8pgaf69gq', '127.0.0.1', '1580368473', 0x5F5F63695F6C6173745F726567656E65726174657C693A313538303336383433393B69647C733A323A223332223B656D706C6F7965655F69647C733A323A223332223B656D706C6F7965655F7569647C733A343A2233333538223B757365725F6E616D657C733A31353A224C6172617320536574796177696469223B6C6576656C757365725F69647C733A313A2231223B6C6576656C5F6E616D657C733A31333A2241646D696E6973747261746F72223B656D61696C7C733A33333A226C617261732E736574796177696469406D6F726174656C696E646F2E636F2E6964223B6163746976657C733A313A2231223B666F746F7C4E3B);
INSERT INTO `ci_sessions` VALUES ('fcsf7r9o50pajhfjo6mvj9eta3gdgnab', '192.168.10.91', '1580699310', 0x5F5F63695F6C6173745F726567656E65726174657C693A313538303639393330313B69647C733A323A223332223B656D706C6F7965655F69647C733A323A223332223B656D706C6F7965655F7569647C733A343A2233333538223B757365725F6E616D657C733A31353A224C6172617320536574796177696469223B6C6576656C757365725F69647C733A313A2231223B6C6576656C5F6E616D657C733A31333A2241646D696E6973747261746F72223B656D61696C7C733A33333A226C617261732E736574796177696469406D6F726174656C696E646F2E636F2E6964223B6163746976657C733A313A2231223B666F746F7C4E3B);
INSERT INTO `ci_sessions` VALUES ('gr2oqen1po84vrieuucl5u48dt2ooj56', '127.0.0.1', '1580444955', 0x5F5F63695F6C6173745F726567656E65726174657C693A313538303434343736363B69647C733A323A223332223B656D706C6F7965655F69647C733A323A223332223B656D706C6F7965655F7569647C733A343A2233333538223B757365725F6E616D657C733A31353A224C6172617320536574796177696469223B6C6576656C757365725F69647C733A313A2231223B6C6576656C5F6E616D657C733A31333A2241646D696E6973747261746F72223B656D61696C7C733A33333A226C617261732E736574796177696469406D6F726174656C696E646F2E636F2E6964223B6163746976657C733A313A2231223B666F746F7C4E3B);
INSERT INTO `ci_sessions` VALUES ('h5cq93es5u3phttqrme0i3rkio6akkh2', '127.0.0.1', '1580445861', 0x5F5F63695F6C6173745F726567656E65726174657C693A313538303434353536333B69647C733A323A223332223B656D706C6F7965655F69647C733A323A223332223B656D706C6F7965655F7569647C733A343A2233333538223B757365725F6E616D657C733A31353A224C6172617320536574796177696469223B6C6576656C757365725F69647C733A313A2231223B6C6576656C5F6E616D657C733A31333A2241646D696E6973747261746F72223B656D61696C7C733A33333A226C617261732E736574796177696469406D6F726174656C696E646F2E636F2E6964223B6163746976657C733A313A2231223B666F746F7C4E3B);
INSERT INTO `ci_sessions` VALUES ('hafqimvr5oltpn2p0ch2tkflkg5m9aqb', '127.0.0.1', '1580372512', 0x5F5F63695F6C6173745F726567656E65726174657C693A313538303337323432343B69647C733A323A223332223B656D706C6F7965655F69647C733A323A223332223B656D706C6F7965655F7569647C733A343A2233333538223B757365725F6E616D657C733A31353A224C6172617320536574796177696469223B6C6576656C757365725F69647C733A313A2231223B6C6576656C5F6E616D657C733A31333A2241646D696E6973747261746F72223B656D61696C7C733A33333A226C617261732E736574796177696469406D6F726174656C696E646F2E636F2E6964223B6163746976657C733A313A2231223B666F746F7C4E3B);
INSERT INTO `ci_sessions` VALUES ('hi40dh4doml4e2tlo1om1r8ptqgsc7vn', '192.168.10.181', '1580605202', 0x5F5F63695F6C6173745F726567656E65726174657C693A313538303630353230323B);
INSERT INTO `ci_sessions` VALUES ('hjqkta44lrl2qkmubmb19qmhd4e4etu2', '192.168.10.181', '1580608802', 0x5F5F63695F6C6173745F726567656E65726174657C693A313538303630383830323B);
INSERT INTO `ci_sessions` VALUES ('hospl8nl7m1ktk1f8e1a0fv30li7jf2m', '192.168.10.181', '1580508001', 0x5F5F63695F6C6173745F726567656E65726174657C693A313538303530383030313B);
INSERT INTO `ci_sessions` VALUES ('hp5er5f6narhn193ftq38ecp92kucq9v', '192.168.10.181', '1580486401', 0x5F5F63695F6C6173745F726567656E65726174657C693A313538303438363430313B);
INSERT INTO `ci_sessions` VALUES ('ht4dockuq9l09hg3ita8c1beig5iufut', '192.168.10.181', '1580457601', 0x5F5F63695F6C6173745F726567656E65726174657C693A313538303435373630313B);
INSERT INTO `ci_sessions` VALUES ('i0bgtfd0m4hfkrff2ja0i027hs28f185', '192.168.10.181', '1580590801', 0x5F5F63695F6C6173745F726567656E65726174657C693A313538303539303830313B);
INSERT INTO `ci_sessions` VALUES ('ibp73i1idjdea2lj4k0kgdgi62fg5qr6', '192.168.10.181', '1580659202', 0x5F5F63695F6C6173745F726567656E65726174657C693A313538303635393230323B);
INSERT INTO `ci_sessions` VALUES ('iddgqqhc4lklq140ouef78gptauesptu', '192.168.10.181', '1580655602', 0x5F5F63695F6C6173745F726567656E65726174657C693A313538303635353630323B);
INSERT INTO `ci_sessions` VALUES ('ipf1esg31g9u24hrcp48pt5ccmnt3ebu', '192.168.10.181', '1580536802', 0x5F5F63695F6C6173745F726567656E65726174657C693A313538303533363830323B);
INSERT INTO `ci_sessions` VALUES ('j1unvgkl1ki6r13o1t4sudpbt6ut11b8', '192.168.10.181', '1580439602', 0x5F5F63695F6C6173745F726567656E65726174657C693A313538303433393630323B);
INSERT INTO `ci_sessions` VALUES ('j2ijr2juidmpftuaksv07bp5tvnaiose', '192.168.10.181', '1580626801', 0x5F5F63695F6C6173745F726567656E65726174657C693A313538303632363830313B);
INSERT INTO `ci_sessions` VALUES ('j4iol8kf8p56jut3c4qj256edb445lin', '192.168.10.181', '1580385601', 0x5F5F63695F6C6173745F726567656E65726174657C693A313538303338353630313B);
INSERT INTO `ci_sessions` VALUES ('j6q5vqppfjri87b5kcmbuenl925cb0ae', '192.168.10.181', '1580562001', 0x5F5F63695F6C6173745F726567656E65726174657C693A313538303536323030313B);
INSERT INTO `ci_sessions` VALUES ('jd93nh6j4rj0a6h7om42q2i0rorrpebq', '127.0.0.1', '1580437472', 0x5F5F63695F6C6173745F726567656E65726174657C693A313538303433373233303B69647C733A323A223332223B656D706C6F7965655F69647C733A323A223332223B656D706C6F7965655F7569647C733A343A2233333538223B757365725F6E616D657C733A31353A224C6172617320536574796177696469223B6C6576656C757365725F69647C733A313A2231223B6C6576656C5F6E616D657C733A31333A2241646D696E6973747261746F72223B656D61696C7C733A33333A226C617261732E736574796177696469406D6F726174656C696E646F2E636F2E6964223B6163746976657C733A313A2231223B666F746F7C4E3B);
INSERT INTO `ci_sessions` VALUES ('jvadd6mf2sf0m794ao0jvti5rae9ebss', '127.0.0.1', '1580367002', 0x5F5F63695F6C6173745F726567656E65726174657C693A313538303336373030323B);
INSERT INTO `ci_sessions` VALUES ('k55tiodrlp3hc0qajgmug0tkfppukflg', '127.0.0.1', '1580444536', 0x5F5F63695F6C6173745F726567656E65726174657C693A313538303434343335373B69647C733A323A223332223B656D706C6F7965655F69647C733A323A223332223B656D706C6F7965655F7569647C733A343A2233333538223B757365725F6E616D657C733A31353A224C6172617320536574796177696469223B6C6576656C757365725F69647C733A313A2231223B6C6576656C5F6E616D657C733A31333A2241646D696E6973747261746F72223B656D61696C7C733A33333A226C617261732E736574796177696469406D6F726174656C696E646F2E636F2E6964223B6163746976657C733A313A2231223B666F746F7C4E3B);
INSERT INTO `ci_sessions` VALUES ('kb91orjdjhb21h8isk0cppkpo32tmlu8', '127.0.0.1', '1580370059', 0x5F5F63695F6C6173745F726567656E65726174657C693A313538303336393839343B69647C733A323A223332223B656D706C6F7965655F69647C733A323A223332223B656D706C6F7965655F7569647C733A343A2233333538223B757365725F6E616D657C733A31353A224C6172617320536574796177696469223B6C6576656C757365725F69647C733A313A2231223B6C6576656C5F6E616D657C733A31333A2241646D696E6973747261746F72223B656D61696C7C733A33333A226C617261732E736574796177696469406D6F726174656C696E646F2E636F2E6964223B6163746976657C733A313A2231223B666F746F7C4E3B);
INSERT INTO `ci_sessions` VALUES ('kcd7cogk2eb8mq0e0uq86vp3jplh44tr', '192.168.10.181', '1580400002', 0x5F5F63695F6C6173745F726567656E65726174657C693A313538303430303030323B);
INSERT INTO `ci_sessions` VALUES ('kgcgjdscfgpv0rqnsc6i20en6ovqi6vi', '192.168.10.181', '1580691602', 0x5F5F63695F6C6173745F726567656E65726174657C693A313538303639313630323B);
INSERT INTO `ci_sessions` VALUES ('knugggmenbsst56jcclktbe4c7f3h47g', '192.168.10.181', '1580421602', 0x5F5F63695F6C6173745F726567656E65726174657C693A313538303432313630323B);
INSERT INTO `ci_sessions` VALUES ('koj1bao3q0222luuvte422k9ub7r86ab', '127.0.0.1', '1580445532', 0x5F5F63695F6C6173745F726567656E65726174657C693A313538303434353233333B69647C733A323A223332223B656D706C6F7965655F69647C733A323A223332223B656D706C6F7965655F7569647C733A343A2233333538223B757365725F6E616D657C733A31353A224C6172617320536574796177696469223B6C6576656C757365725F69647C733A313A2231223B6C6576656C5F6E616D657C733A31333A2241646D696E6973747261746F72223B656D61696C7C733A33333A226C617261732E736574796177696469406D6F726174656C696E646F2E636F2E6964223B6163746976657C733A313A2231223B666F746F7C4E3B);
INSERT INTO `ci_sessions` VALUES ('krdksm5h4vevunt7sffu4a2vkdcee09g', '192.168.10.181', '1580551202', 0x5F5F63695F6C6173745F726567656E65726174657C693A313538303535313230323B);
INSERT INTO `ci_sessions` VALUES ('ksboae4rml1hg80gc61ec8098r2k37h2', '192.168.10.181', '1580576401', 0x5F5F63695F6C6173745F726567656E65726174657C693A313538303537363430313B);
INSERT INTO `ci_sessions` VALUES ('lba735o7rjau5q6lsi1rkjh4vs0ftk6a', '192.168.10.181', '1580572801', 0x5F5F63695F6C6173745F726567656E65726174657C693A313538303537323830313B);
INSERT INTO `ci_sessions` VALUES ('lo1f3jg7pb3q2tlkdfgseqft82nl7891', '127.0.0.1', '1580437843', 0x5F5F63695F6C6173745F726567656E65726174657C693A313538303433373535333B69647C733A323A223332223B656D706C6F7965655F69647C733A323A223332223B656D706C6F7965655F7569647C733A343A2233333538223B757365725F6E616D657C733A31353A224C6172617320536574796177696469223B6C6576656C757365725F69647C733A313A2231223B6C6576656C5F6E616D657C733A31333A2241646D696E6973747261746F72223B656D61696C7C733A33333A226C617261732E736574796177696469406D6F726174656C696E646F2E636F2E6964223B6163746976657C733A313A2231223B666F746F7C4E3B);
INSERT INTO `ci_sessions` VALUES ('lp73up28n3t5v2a7svfbnds57u2o6s96', '192.168.10.181', '1580389201', 0x5F5F63695F6C6173745F726567656E65726174657C693A313538303338393230313B);
INSERT INTO `ci_sessions` VALUES ('mb8h21k0ovo8mkfmnot7kh1a4nlipc86', '127.0.0.1', '1580436272', 0x5F5F63695F6C6173745F726567656E65726174657C693A313538303433363230303B69647C733A323A223332223B656D706C6F7965655F69647C733A323A223332223B656D706C6F7965655F7569647C733A343A2233333538223B757365725F6E616D657C733A31353A224C6172617320536574796177696469223B6C6576656C757365725F69647C733A313A2231223B6C6576656C5F6E616D657C733A31333A2241646D696E6973747261746F72223B656D61696C7C733A33333A226C617261732E736574796177696469406D6F726174656C696E646F2E636F2E6964223B6163746976657C733A313A2231223B666F746F7C4E3B);
INSERT INTO `ci_sessions` VALUES ('mo823njegbc6tljakr0qv6sk3qemhtm5', '192.168.10.181', '1580680802', 0x5F5F63695F6C6173745F726567656E65726174657C693A313538303638303830323B);
INSERT INTO `ci_sessions` VALUES ('n421np9leikgdipvfnsfn1vnamt5iu9d', '192.168.10.181', '1580367602', 0x5F5F63695F6C6173745F726567656E65726174657C693A313538303336373630323B);
INSERT INTO `ci_sessions` VALUES ('n4fkst1jaen9fab1fbira66tqdok980e', '192.168.10.181', '1580382002', 0x5F5F63695F6C6173745F726567656E65726174657C693A313538303338323030323B);
INSERT INTO `ci_sessions` VALUES ('n81s2q4fcu2qg6cgbqjbgd07b3732q38', '127.0.0.1', '1580438113', 0x5F5F63695F6C6173745F726567656E65726174657C693A313538303433373838343B69647C733A323A223332223B656D706C6F7965655F69647C733A323A223332223B656D706C6F7965655F7569647C733A343A2233333538223B757365725F6E616D657C733A31353A224C6172617320536574796177696469223B6C6576656C757365725F69647C733A313A2231223B6C6576656C5F6E616D657C733A31333A2241646D696E6973747261746F72223B656D61696C7C733A33333A226C617261732E736574796177696469406D6F726174656C696E646F2E636F2E6964223B6163746976657C733A313A2231223B666F746F7C4E3B);
INSERT INTO `ci_sessions` VALUES ('nhgnmohv9s80ge83p6v5epef4crak1fs', '192.168.10.181', '1580461203', 0x5F5F63695F6C6173745F726567656E65726174657C693A313538303436313230333B);
INSERT INTO `ci_sessions` VALUES ('nqsaj4b3buf5oma7d3gvq2pf2airok71', '192.168.10.181', '1580641201', 0x5F5F63695F6C6173745F726567656E65726174657C693A313538303634313230313B);
INSERT INTO `ci_sessions` VALUES ('nthhgvqvnji8gd0b3quhs4qd807957cf', '127.0.0.1', '1580450730', 0x5F5F63695F6C6173745F726567656E65726174657C693A313538303435303732333B69647C733A323A223332223B656D706C6F7965655F69647C733A323A223332223B656D706C6F7965655F7569647C733A343A2233333538223B757365725F6E616D657C733A31353A224C6172617320536574796177696469223B6C6576656C757365725F69647C733A313A2231223B6C6576656C5F6E616D657C733A31333A2241646D696E6973747261746F72223B656D61696C7C733A33333A226C617261732E736574796177696469406D6F726174656C696E646F2E636F2E6964223B6163746976657C733A313A2231223B666F746F7C4E3B);
INSERT INTO `ci_sessions` VALUES ('o11jia0e74rvoavj8pam6ipejulsnha0', '127.0.0.1', '1580370722', 0x5F5F63695F6C6173745F726567656E65726174657C693A313538303337303432383B69647C733A323A223332223B656D706C6F7965655F69647C733A323A223332223B656D706C6F7965655F7569647C733A343A2233333538223B757365725F6E616D657C733A31353A224C6172617320536574796177696469223B6C6576656C757365725F69647C733A313A2231223B6C6576656C5F6E616D657C733A31333A2241646D696E6973747261746F72223B656D61696C7C733A33333A226C617261732E736574796177696469406D6F726174656C696E646F2E636F2E6964223B6163746976657C733A313A2231223B666F746F7C4E3B);
INSERT INTO `ci_sessions` VALUES ('o83eahpinvvq3nkr5ejjt2gog1jgn53q', '127.0.0.1', '1580447378', 0x5F5F63695F6C6173745F726567656E65726174657C693A313538303434373238373B69647C733A323A223332223B656D706C6F7965655F69647C733A323A223332223B656D706C6F7965655F7569647C733A343A2233333538223B757365725F6E616D657C733A31353A224C6172617320536574796177696469223B6C6576656C757365725F69647C733A313A2231223B6C6576656C5F6E616D657C733A31333A2241646D696E6973747261746F72223B656D61696C7C733A33333A226C617261732E736574796177696469406D6F726174656C696E646F2E636F2E6964223B6163746976657C733A313A2231223B666F746F7C4E3B);
INSERT INTO `ci_sessions` VALUES ('odoujbakkr4tqje7gef057fnfom35j6n', '192.168.10.181', '1580511602', 0x5F5F63695F6C6173745F726567656E65726174657C693A313538303531313630323B);
INSERT INTO `ci_sessions` VALUES ('oh8mn9f8lq6tagdnkeflq4lg9n7j92o0', '192.168.10.181', '1580580001', 0x5F5F63695F6C6173745F726567656E65726174657C693A313538303538303030313B);
INSERT INTO `ci_sessions` VALUES ('okkb2qj3qn65apla24r0k6er877b7f0r', '192.168.10.181', '1580662802', 0x5F5F63695F6C6173745F726567656E65726174657C693A313538303636323830323B);
INSERT INTO `ci_sessions` VALUES ('p39q2m0ikv194tbtl5jmpuasqnj09ksb', '127.0.0.1', '1580371304', 0x5F5F63695F6C6173745F726567656E65726174657C693A313538303337313330343B69647C733A323A223332223B656D706C6F7965655F69647C733A323A223332223B656D706C6F7965655F7569647C733A343A2233333538223B757365725F6E616D657C733A31353A224C6172617320536574796177696469223B6C6576656C757365725F69647C733A313A2231223B6C6576656C5F6E616D657C733A31333A2241646D696E6973747261746F72223B656D61696C7C733A33333A226C617261732E736574796177696469406D6F726174656C696E646F2E636F2E6964223B6163746976657C733A313A2231223B666F746F7C4E3B);
INSERT INTO `ci_sessions` VALUES ('piusfskedrmtgpk17tg60766g6ls8ff3', '127.0.0.1', '1580439330', 0x5F5F63695F6C6173745F726567656E65726174657C693A313538303433393230333B69647C733A323A223332223B656D706C6F7965655F69647C733A323A223332223B656D706C6F7965655F7569647C733A343A2233333538223B757365725F6E616D657C733A31353A224C6172617320536574796177696469223B6C6576656C757365725F69647C733A313A2231223B6C6576656C5F6E616D657C733A31333A2241646D696E6973747261746F72223B656D61696C7C733A33333A226C617261732E736574796177696469406D6F726174656C696E646F2E636F2E6964223B6163746976657C733A313A2231223B666F746F7C4E3B);
INSERT INTO `ci_sessions` VALUES ('pjmlpe3i1gjv3ubahj3mrv7cob33lpsf', '192.168.10.181', '1580475602', 0x5F5F63695F6C6173745F726567656E65726174657C693A313538303437353630323B);
INSERT INTO `ci_sessions` VALUES ('pr8kc77og6ib389fjt4cekpfv1jqjoml', '192.168.10.181', '1580637601', 0x5F5F63695F6C6173745F726567656E65726174657C693A313538303633373630313B);
INSERT INTO `ci_sessions` VALUES ('qc075t8472qqsfjatqujpkuh2c14g7cu', '127.0.0.1', '1580439167', 0x5F5F63695F6C6173745F726567656E65726174657C693A313538303433383838343B69647C733A323A223332223B656D706C6F7965655F69647C733A323A223332223B656D706C6F7965655F7569647C733A343A2233333538223B757365725F6E616D657C733A31353A224C6172617320536574796177696469223B6C6576656C757365725F69647C733A313A2231223B6C6576656C5F6E616D657C733A31333A2241646D696E6973747261746F72223B656D61696C7C733A33333A226C617261732E736574796177696469406D6F726174656C696E646F2E636F2E6964223B6163746976657C733A313A2231223B666F746F7C4E3B);
INSERT INTO `ci_sessions` VALUES ('qe8s0gjaiuin3cj7ulb33k8u4q457og2', '127.0.0.1', '1580383125', 0x5F5F63695F6C6173745F726567656E65726174657C693A313538303338323836383B69647C733A323A223332223B656D706C6F7965655F69647C733A323A223332223B656D706C6F7965655F7569647C733A343A2233333538223B757365725F6E616D657C733A31353A224C6172617320536574796177696469223B6C6576656C757365725F69647C733A313A2231223B6C6576656C5F6E616D657C733A31333A2241646D696E6973747261746F72223B656D61696C7C733A33333A226C617261732E736574796177696469406D6F726174656C696E646F2E636F2E6964223B6163746976657C733A313A2231223B666F746F7C4E3B);
INSERT INTO `ci_sessions` VALUES ('qepl3n701pprpelh4jm7u1o8pvech3u6', '192.168.10.181', '1580371202', 0x5F5F63695F6C6173745F726567656E65726174657C693A313538303337313230323B);
INSERT INTO `ci_sessions` VALUES ('qh8fdi32dvue7us2n4ppqao567fhl2po', '192.168.10.181', '1580644802', 0x5F5F63695F6C6173745F726567656E65726174657C693A313538303634343830323B);
INSERT INTO `ci_sessions` VALUES ('qr0q731bppa37cm6s3j4f424kugktbgu', '192.168.10.181', '1580464802', 0x5F5F63695F6C6173745F726567656E65726174657C693A313538303436343830323B);
INSERT INTO `ci_sessions` VALUES ('r0jcrtp41sqlnrjg7je6khefjcjrpu7q', '192.168.10.181', '1580472002', 0x5F5F63695F6C6173745F726567656E65726174657C693A313538303437323030323B);
INSERT INTO `ci_sessions` VALUES ('r3l8ecvhr3hcj3ecgriulaklqjrgkrve', '192.168.10.181', '1580529601', 0x5F5F63695F6C6173745F726567656E65726174657C693A313538303532393630313B);
INSERT INTO `ci_sessions` VALUES ('r590vphvjstvggme7u3a4b3j6btjsp3l', '127.0.0.1', '1580443891', 0x5F5F63695F6C6173745F726567656E65726174657C693A313538303434333638353B69647C733A323A223332223B656D706C6F7965655F69647C733A323A223332223B656D706C6F7965655F7569647C733A343A2233333538223B757365725F6E616D657C733A31353A224C6172617320536574796177696469223B6C6576656C757365725F69647C733A313A2231223B6C6576656C5F6E616D657C733A31333A2241646D696E6973747261746F72223B656D61696C7C733A33333A226C617261732E736574796177696469406D6F726174656C696E646F2E636F2E6964223B6163746976657C733A313A2231223B666F746F7C4E3B);
INSERT INTO `ci_sessions` VALUES ('r8dmm4kj59ov8ehb11846740qiettsg9', '127.0.0.1', '1580442819', 0x5F5F63695F6C6173745F726567656E65726174657C693A313538303434323830343B69647C733A323A223332223B656D706C6F7965655F69647C733A323A223332223B656D706C6F7965655F7569647C733A343A2233333538223B757365725F6E616D657C733A31353A224C6172617320536574796177696469223B6C6576656C757365725F69647C733A313A2231223B6C6576656C5F6E616D657C733A31333A2241646D696E6973747261746F72223B656D61696C7C733A33333A226C617261732E736574796177696469406D6F726174656C696E646F2E636F2E6964223B6163746976657C733A313A2231223B666F746F7C4E3B);
INSERT INTO `ci_sessions` VALUES ('rlrc0tqs2rk1dcd3jmacbucnaonecp2l', '192.168.10.181', '1580396402', 0x5F5F63695F6C6173745F726567656E65726174657C693A313538303339363430323B);
INSERT INTO `ci_sessions` VALUES ('rrnhftpc133t19q8jd4c66ecu7t55kps', '192.168.10.181', '1580497201', 0x5F5F63695F6C6173745F726567656E65726174657C693A313538303439373230313B);
INSERT INTO `ci_sessions` VALUES ('t1usbbdh72a6eo9f8r2b00cc32qaojuf', '192.168.10.181', '1580673601', 0x5F5F63695F6C6173745F726567656E65726174657C693A313538303637333630313B);
INSERT INTO `ci_sessions` VALUES ('toqbfn9skcd1b288ovcdcc2ohqsme4pn', '192.168.10.181', '1580500802', 0x5F5F63695F6C6173745F726567656E65726174657C693A313538303530303830323B);
INSERT INTO `ci_sessions` VALUES ('ttph2jgje0cokplqsr3nv8dju0c005oj', '127.0.0.1', '1580379338', 0x5F5F63695F6C6173745F726567656E65726174657C693A313538303337393333383B69647C733A323A223332223B656D706C6F7965655F69647C733A323A223332223B656D706C6F7965655F7569647C733A343A2233333538223B757365725F6E616D657C733A31353A224C6172617320536574796177696469223B6C6576656C757365725F69647C733A313A2231223B6C6576656C5F6E616D657C733A31333A2241646D696E6973747261746F72223B656D61696C7C733A33333A226C617261732E736574796177696469406D6F726174656C696E646F2E636F2E6964223B6163746976657C733A313A2231223B666F746F7C4E3B);
INSERT INTO `ci_sessions` VALUES ('tuno36e71557032ur3406uh3p9m2pveq', '192.168.10.181', '1580554802', 0x5F5F63695F6C6173745F726567656E65726174657C693A313538303535343830323B);
INSERT INTO `ci_sessions` VALUES ('u01polph598910sa1nkbut05k3ilckoh', '192.168.10.181', '1580533201', 0x5F5F63695F6C6173745F726567656E65726174657C693A313538303533333230313B);
INSERT INTO `ci_sessions` VALUES ('u0p1iglpoeejvr6i89l7h9isrsq28f18', '192.168.10.91', '1580367210', 0x5F5F63695F6C6173745F726567656E65726174657C693A313538303336373231303B);
INSERT INTO `ci_sessions` VALUES ('u817rpju6dq7j0nrr10tj2ktsk9ne45u', '192.168.10.181', '1580623202', 0x5F5F63695F6C6173745F726567656E65726174657C693A313538303632333230323B);
INSERT INTO `ci_sessions` VALUES ('ubjj293n6v520eqfgmbddck3ffg4tbds', '192.168.10.181', '1580634002', 0x5F5F63695F6C6173745F726567656E65726174657C693A313538303633343030323B);
INSERT INTO `ci_sessions` VALUES ('ud6co83p85b0ktgddtmkor1s6atqub2f', '192.168.10.91', '1580451428', 0x5F5F63695F6C6173745F726567656E65726174657C693A313538303435313338393B69647C733A323A223332223B656D706C6F7965655F69647C733A323A223332223B656D706C6F7965655F7569647C733A343A2233333538223B757365725F6E616D657C733A31353A224C6172617320536574796177696469223B6C6576656C757365725F69647C733A313A2231223B6C6576656C5F6E616D657C733A31333A2241646D696E6973747261746F72223B656D61696C7C733A33333A226C617261732E736574796177696469406D6F726174656C696E646F2E636F2E6964223B6163746976657C733A313A2231223B666F746F7C4E3B);
INSERT INTO `ci_sessions` VALUES ('ugiqbbegq8qis6db0k1dpgufsohrgb5p', '192.168.10.181', '1580418001', 0x5F5F63695F6C6173745F726567656E65726174657C693A313538303431383030313B);
INSERT INTO `ci_sessions` VALUES ('ui9731p6a59sia0nu49q29hb7olofnq6', '192.168.10.181', '1580414402', 0x5F5F63695F6C6173745F726567656E65726174657C693A313538303431343430323B);
INSERT INTO `ci_sessions` VALUES ('uuck0an66jr5s6nvi034qlbcvk0i1mb9', '192.168.10.181', '1580698802', 0x5F5F63695F6C6173745F726567656E65726174657C693A313538303639383830323B);
INSERT INTO `ci_sessions` VALUES ('v11res3e2a252oka34074ssmbsugnp3v', '192.168.10.181', '1580565602', 0x5F5F63695F6C6173745F726567656E65726174657C693A313538303536353630323B);
INSERT INTO `ci_sessions` VALUES ('v6eojrup96mdonesvl9tc66upb6a99d8', '127.0.0.1', '1580382772', 0x5F5F63695F6C6173745F726567656E65726174657C693A313538303338323533313B69647C733A323A223332223B656D706C6F7965655F69647C733A323A223332223B656D706C6F7965655F7569647C733A343A2233333538223B757365725F6E616D657C733A31353A224C6172617320536574796177696469223B6C6576656C757365725F69647C733A313A2231223B6C6576656C5F6E616D657C733A31333A2241646D696E6973747261746F72223B656D61696C7C733A33333A226C617261732E736574796177696469406D6F726174656C696E646F2E636F2E6964223B6163746976657C733A313A2231223B666F746F7C4E3B);
INSERT INTO `ci_sessions` VALUES ('v8pe442o5riq21i937ksm4e975tjubar', '127.0.0.1', '1580371248', 0x5F5F63695F6C6173745F726567656E65726174657C693A313538303337303937333B69647C733A323A223332223B656D706C6F7965655F69647C733A323A223332223B656D706C6F7965655F7569647C733A343A2233333538223B757365725F6E616D657C733A31353A224C6172617320536574796177696469223B6C6576656C757365725F69647C733A313A2231223B6C6576656C5F6E616D657C733A31333A2241646D696E6973747261746F72223B656D61696C7C733A33333A226C617261732E736574796177696469406D6F726174656C696E646F2E636F2E6964223B6163746976657C733A313A2231223B666F746F7C4E3B);
INSERT INTO `ci_sessions` VALUES ('vf437m17uqo0km9kkuich0g20ks0q6dl', '192.168.10.181', '1580540401', 0x5F5F63695F6C6173745F726567656E65726174657C693A313538303534303430313B);
INSERT INTO `ci_sessions` VALUES ('vh8hq1i87f44agm4759sqjbp093grloi', '127.0.0.1', '1580437171', 0x5F5F63695F6C6173745F726567656E65726174657C693A313538303433363930373B69647C733A323A223332223B656D706C6F7965655F69647C733A323A223332223B656D706C6F7965655F7569647C733A343A2233333538223B757365725F6E616D657C733A31353A224C6172617320536574796177696469223B6C6576656C757365725F69647C733A313A2231223B6C6576656C5F6E616D657C733A31333A2241646D696E6973747261746F72223B656D61696C7C733A33333A226C617261732E736574796177696469406D6F726174656C696E646F2E636F2E6964223B6163746976657C733A313A2231223B666F746F7C4E3B);
INSERT INTO `ci_sessions` VALUES ('vhqd0a8lusg5sfl24bp5cqifgmu55tkg', '127.0.0.1', '1580368948', 0x5F5F63695F6C6173745F726567656E65726174657C693A313538303336383934313B69647C733A323A223332223B656D706C6F7965655F69647C733A323A223332223B656D706C6F7965655F7569647C733A343A2233333538223B757365725F6E616D657C733A31353A224C6172617320536574796177696469223B6C6576656C757365725F69647C733A313A2231223B6C6576656C5F6E616D657C733A31333A2241646D696E6973747261746F72223B656D61696C7C733A33333A226C617261732E736574796177696469406D6F726174656C696E646F2E636F2E6964223B6163746976657C733A313A2231223B666F746F7C4E3B);
INSERT INTO `ci_sessions` VALUES ('vihvvrgdtr0hu3s7qpn2to94aa1kbgm1', '127.0.0.1', '1580371410', 0x5F5F63695F6C6173745F726567656E65726174657C693A313538303337313330303B69647C733A323A223332223B656D706C6F7965655F69647C733A323A223332223B656D706C6F7965655F7569647C733A343A2233333538223B757365725F6E616D657C733A31353A224C6172617320536574796177696469223B6C6576656C757365725F69647C733A313A2231223B6C6576656C5F6E616D657C733A31333A2241646D696E6973747261746F72223B656D61696C7C733A33333A226C617261732E736574796177696469406D6F726174656C696E646F2E636F2E6964223B6163746976657C733A313A2231223B666F746F7C4E3B);
INSERT INTO `ci_sessions` VALUES ('vlq0me3c1vrg26tcb4hpj3hg18reb8sv', '192.168.10.181', '1580403602', 0x5F5F63695F6C6173745F726567656E65726174657C693A313538303430333630323B);
INSERT INTO `ci_sessions` VALUES ('vtg0ltd276lqv1pqv2nbb0n74bte3iqh', '192.168.10.181', '1580428802', 0x5F5F63695F6C6173745F726567656E65726174657C693A313538303432383830323B);

-- ----------------------------
-- Table structure for customer
-- ----------------------------
DROP TABLE IF EXISTS `customer`;
CREATE TABLE `customer` (
  `id` int(10) unsigned NOT NULL AUTO_INCREMENT,
  `user_id` int(10) unsigned NOT NULL,
  `name` varchar(200) NOT NULL,
  `pic` varchar(200) NOT NULL,
  `email` varchar(50) NOT NULL,
  `address` text NOT NULL,
  `customercategory_id` int(10) unsigned NOT NULL,
  `file_status` tinyint(2) DEFAULT NULL,
  `created_date` timestamp NOT NULL DEFAULT CURRENT_TIMESTAMP ON UPDATE CURRENT_TIMESTAMP,
  `nama_sales` varchar(200) DEFAULT NULL,
  `area` varchar(250) DEFAULT NULL,
  `segmen` varchar(100) DEFAULT NULL,
  `id_product` int(10) DEFAULT NULL,
  `type_service` varchar(200) DEFAULT NULL,
  `koordinat_lat` varchar(100) DEFAULT NULL,
  `koordinat_long` varchar(100) DEFAULT NULL,
  `terminasi` varchar(200) DEFAULT NULL,
  `kapasitas` int(11) DEFAULT NULL,
  `mix` varchar(100) DEFAULT NULL,
  `satuan` varchar(100) DEFAULT NULL,
  `kapasitas1` int(10) DEFAULT NULL,
  `mix1` varchar(100) DEFAULT NULL,
  `satuan1` varchar(100) DEFAULT NULL,
  `interface` varchar(200) DEFAULT NULL,
  `media` varchar(200) DEFAULT NULL,
  `exisiting` varchar(255) DEFAULT NULL,
  `budget` varchar(250) DEFAULT NULL,
  `progress` int(11) DEFAULT NULL,
  `id_customer_presales` int(11) DEFAULT NULL,
  `list_data_filename` varchar(250) DEFAULT NULL,
  `list_data_path` varchar(200) DEFAULT NULL,
  PRIMARY KEY (`id`),
  KEY `fk_customer_user1_idx` (`user_id`),
  KEY `fk_customer_customercategory1_idx` (`customercategory_id`),
  CONSTRAINT `fk_customer_customercategory1` FOREIGN KEY (`customercategory_id`) REFERENCES `customercategory` (`id`) ON DELETE NO ACTION ON UPDATE NO ACTION,
  CONSTRAINT `fk_customer_user1` FOREIGN KEY (`user_id`) REFERENCES `user` (`id`) ON DELETE NO ACTION ON UPDATE NO ACTION
) ENGINE=InnoDB AUTO_INCREMENT=17 DEFAULT CHARSET=latin1;

-- ----------------------------
-- Records of customer
-- ----------------------------
INSERT INTO `customer` VALUES ('1', '24', 'Universitas Esa Unggul', 'Biro Teknologi Informasi dan Komunikasi', 'fmasbirin@esaunggul.ac.id', 'Jalan Arjuna Utara No.9, Blk. I No.2, Duri Kepa, Kb. Jeruk, \r\nKota Jakarta Barat, Daerah Khusus Ibukota Jakarta 11510', '9', '1', '2019-09-04 09:20:02', null, null, null, null, null, null, null, null, null, null, null, null, null, null, null, null, null, null, null, null, null, null);
INSERT INTO `customer` VALUES ('2', '26', 'PT.Presisi Tbk', '-', 'headoffice@pp-presisi.co.id', 'Jl. Raya Narogong, Jl. Pangkalan 6, Ciketing Udik, Bantargebang, Kota Bks, Jawa Barat 17153', '5', null, '2019-07-26 10:50:38', null, null, null, null, null, null, null, null, null, null, null, null, null, null, null, null, null, null, null, null, null, null);
INSERT INTO `customer` VALUES ('3', '24', 'SMA PSKD 1 Jakarta', '-', 'tatausaha@sma1pskd.com', 'Jl. Pangeran Diponegoro No.80, RT.2/RW.6, Kenari, Kec. Senen, Kota Jakarta Pusat, Daerah Khusus Ibukota Jakarta 10430', '9', null, '2019-08-02 10:54:06', null, null, null, null, null, null, null, null, null, null, null, null, null, null, null, null, null, null, null, null, null, null);
INSERT INTO `customer` VALUES ('4', '24', 'SMK Musik Perguruan CIkini', '-', 'smmpercik@gmail.com', 'Jl. Duren Tiga Raya No.1 Pancoran, Jakarta Selatan', '9', null, '2019-08-02 11:02:36', null, null, null, null, null, null, null, null, null, null, null, null, null, null, null, null, null, null, null, null, null, null);
INSERT INTO `customer` VALUES ('5', '24', 'Yayasan Al Azhar Kembangan Jakbar', 'Pak Tomi', 'tputra@gmail.com', 'Taman Meruya Ilir Kembangan Jakarta Barat', '9', null, '2019-08-02 11:40:08', null, null, null, null, null, null, null, null, null, null, null, null, null, null, null, null, null, null, null, null, null, null);
INSERT INTO `customer` VALUES ('6', '24', 'Yayasan Perguruan Sumbangsih', 'Pak Febrianto', 'info@sumbangsih.sch.id', 'Unnamed Road, RT.2/RW.2, Cilandak Tim., Kec. Ps. Minggu, Kota Jakarta Selatan, Daerah Khusus Ibukota Jakarta 12560', '9', null, '2019-08-07 15:25:07', null, null, null, null, null, null, null, null, null, null, null, null, null, null, null, null, null, null, null, null, null, null);
INSERT INTO `customer` VALUES ('7', '24', 'STIMA IMMI Jakarta', 'Pak Teguh', 'stieimmi@cbn.net.id', 'Jalan Tanjung Barat Raya No.11, Pejaten Timur, Pasar Minggu, RT.11/RW.8, Pejaten Tim., Kec. Ps. Minggu, Kota Jakarta Selatan, Daerah Khusus Ibukota Jakarta 12530', '9', null, '2019-08-08 09:47:29', null, null, null, null, null, null, null, null, null, null, null, null, null, null, null, null, null, null, null, null, null, null);
INSERT INTO `customer` VALUES ('8', '24', 'STMIK ESQ', '-', 'ict@esq165.co.id', 'Kampus Menara 165, Lantai 18 & 19, Jl. Tb. Simatupang Kav. 1, Cilandak Timur, Pasar Minggu, RT.3/RW.3, Cilandak Tim., Kec. Ps. Minggu, Kota Jakarta Selatan, Daerah Khusus Ibukota Jakarta 12560', '9', null, '2019-08-19 10:32:46', null, null, null, null, null, null, null, null, null, null, null, null, null, null, null, null, null, null, null, null, null, null);
INSERT INTO `customer` VALUES ('9', '24', 'STIE Bhakti Pembangunan', 'Pak Saiful', '76saiful@gmail.com', 'Jl. Kemajuan No.66, RT.6/RW.4, Petukangan Sel., Kec. Pesanggrahan, Kota Jakarta Selatan, Daerah Khusus Ibukota Jakarta 12270', '9', null, '2019-08-19 14:33:19', null, null, null, null, null, null, null, null, null, null, null, null, null, null, null, null, null, null, null, null, null, null);
INSERT INTO `customer` VALUES ('10', '24', 'Universitas AMIKOM Purwokerto', 'Pak Imron', 'imron@amikompurwokerto.ac.id', 'Jl. Letjend Pol. Soemarto, Karangjambu, Purwanegara, Kec. Purwokerto Utara, Kabupaten Banyumas, Jawa Tengah 53127', '9', null, '2019-09-02 14:51:54', null, null, null, null, null, null, null, null, null, null, null, null, null, null, null, null, null, null, null, null, null, null);
INSERT INTO `customer` VALUES ('11', '24', 'Universitas Perjuangan Tasikmalaya', 'Pal Indra', 'info@unper.ac.id', 'Jl. Peta, Kahuripan, Kec. Tawang, Tasikmalaya, Jawa Barat 46115', '9', null, '2019-09-02 14:57:10', null, null, null, null, null, null, null, null, null, null, null, null, null, null, null, null, null, null, null, null, null, null);
INSERT INTO `customer` VALUES ('12', '24', 'test', 'test', 'ratih.marliswari@moratelindo.co.id', 'test', '14', '1', '2019-10-03 13:37:13', null, null, null, null, null, null, null, null, null, null, null, null, null, null, null, null, null, null, null, null, null, null);
INSERT INTO `customer` VALUES ('13', '24', 'test1234', 'ratih', 'ratih.marliswari@moratelindo.co.id', 'test', '14', null, '2019-10-03 13:23:04', null, null, null, null, null, null, null, null, null, null, null, null, null, null, null, null, null, null, null, null, null, null);
INSERT INTO `customer` VALUES ('14', '22', 'Asy-Syukriyyah Islamic School', 'pak Jaenal', '', 'Jl. KH Hasyim Ashari No.KM. 3, RT.003/RW.002, Poris Plawad Indah, Kec. Cipondoh, Kota Tangerang, Banten 15141', '9', null, '2019-10-07 13:52:13', null, null, null, null, null, null, null, null, null, null, null, null, null, null, null, null, null, null, null, null, null, null);
INSERT INTO `customer` VALUES ('15', '24', 'SMA Negeri 4 Purwokerto', 'Pak Trianggoro', '', 'Jl. Kaliputih No.18, Jatiwinangun, Purwokerto Wetan, Kec. Purwokerto Tim., Kabupaten Banyumas, Jawa Tengah 53111', '9', null, '2019-10-08 10:17:56', null, null, null, null, null, null, null, null, null, null, null, null, null, null, null, null, null, null, null, null, null, null);
INSERT INTO `customer` VALUES ('16', '24', 'SMA Negeri 1 Purwoketo', 'Bu Nani', 'smansa_pwt@yahoo.co.id', 'Jl. Jend. Gatot Subroto No.73, Brubahan, Purwanegara, Kec. Purwokerto Utara, Kabupaten Banyumas, Jawa Tengah 53116', '9', null, '2019-10-08 10:34:09', null, null, null, null, null, null, null, null, null, null, null, null, null, null, null, null, null, null, null, null, null, null);

-- ----------------------------
-- Table structure for customer_classification
-- ----------------------------
DROP TABLE IF EXISTS `customer_classification`;
CREATE TABLE `customer_classification` (
  `id` int(10) unsigned NOT NULL AUTO_INCREMENT,
  `customer_classification` varchar(250) DEFAULT NULL,
  `problem_notification` varchar(250) DEFAULT NULL,
  `escalation_level` varchar(250) DEFAULT NULL,
  `single_point_of_contact` varchar(250) DEFAULT NULL,
  `mttr` varchar(250) DEFAULT NULL,
  `mttu` varchar(250) DEFAULT NULL,
  `reporting` varchar(250) DEFAULT NULL,
  `sla_sales` varchar(250) DEFAULT NULL,
  `meeting` varchar(255) DEFAULT NULL,
  PRIMARY KEY (`id`)
) ENGINE=InnoDB AUTO_INCREMENT=6 DEFAULT CHARSET=latin1;

-- ----------------------------
-- Records of customer_classification
-- ----------------------------
INSERT INTO `customer_classification` VALUES ('1', 'VVIP', 'As request', 'up to 5th level', 'CAR Support', '15 minutes', '15 minutes', 'Monthly', '99.90%', 'By request & quarterly');
INSERT INTO `customer_classification` VALUES ('2', 'Platinum', 'CEM release problem notification for main link/back up link if alarm detect', 'up to 5th level', 'CAR Support', '15 minutes', '30 Minutes', 'Monthly', '99.50%', 'quarterly');
INSERT INTO `customer_classification` VALUES ('3', 'Gold', '', 'up to 3rd level', 'CAR Support', '15 minutes', '30 Minutes', 'Monthly', '99%', 'By request');
INSERT INTO `customer_classification` VALUES ('4', 'Silver', '', 'up to 2nd level', 'Hotline Service', '15 minutes', 'Hourly', 'Monthly', '95%', 'By request');
INSERT INTO `customer_classification` VALUES ('5', 'Bronze', '', 'Hotline Service ', 'Hotline Service', '15 minutes', 'Hourly', 'By request', '-', 'By request');

-- ----------------------------
-- Table structure for customer_file
-- ----------------------------
DROP TABLE IF EXISTS `customer_file`;
CREATE TABLE `customer_file` (
  `id` int(10) unsigned NOT NULL AUTO_INCREMENT,
  `customer_id` int(10) unsigned NOT NULL,
  `path` varchar(200) NOT NULL,
  `file` varchar(200) NOT NULL,
  `type` varchar(200) NOT NULL,
  `upload_date` timestamp NOT NULL DEFAULT CURRENT_TIMESTAMP ON UPDATE CURRENT_TIMESTAMP,
  `upload_by` int(10) unsigned NOT NULL,
  PRIMARY KEY (`id`),
  KEY `fk_po_customer1_idx` (`customer_id`) USING BTREE,
  CONSTRAINT `customer_file_ibfk_1` FOREIGN KEY (`customer_id`) REFERENCES `customer` (`id`) ON DELETE NO ACTION ON UPDATE NO ACTION
) ENGINE=InnoDB AUTO_INCREMENT=7 DEFAULT CHARSET=latin1;

-- ----------------------------
-- Records of customer_file
-- ----------------------------

-- ----------------------------
-- Table structure for customercategory
-- ----------------------------
DROP TABLE IF EXISTS `customercategory`;
CREATE TABLE `customercategory` (
  `id` int(10) unsigned NOT NULL AUTO_INCREMENT,
  `name` varchar(100) NOT NULL,
  PRIMARY KEY (`id`)
) ENGINE=InnoDB AUTO_INCREMENT=15 DEFAULT CHARSET=latin1;

-- ----------------------------
-- Records of customercategory
-- ----------------------------
INSERT INTO `customercategory` VALUES ('1', 'UKM');
INSERT INTO `customercategory` VALUES ('2', 'Media');
INSERT INTO `customercategory` VALUES ('3', 'Hotel');
INSERT INTO `customercategory` VALUES ('4', 'Rumah Sakit');
INSERT INTO `customercategory` VALUES ('5', 'Advertising');
INSERT INTO `customercategory` VALUES ('6', 'Kementrian/Lembaga');
INSERT INTO `customercategory` VALUES ('7', 'BUMN');
INSERT INTO `customercategory` VALUES ('8', 'Oil & Gas');
INSERT INTO `customercategory` VALUES ('9', 'Pendidikan');
INSERT INTO `customercategory` VALUES ('10', 'Ecommerce');
INSERT INTO `customercategory` VALUES ('11', 'Perbankan');
INSERT INTO `customercategory` VALUES ('13', 'Pangan');
INSERT INTO `customercategory` VALUES ('14', 'Telekomunikasi');

-- ----------------------------
-- Table structure for employee
-- ----------------------------
DROP TABLE IF EXISTS `employee`;
CREATE TABLE `employee` (
  `id` int(10) unsigned NOT NULL AUTO_INCREMENT,
  `employee_uid` int(11) NOT NULL,
  `employee_no` varchar(12) NOT NULL,
  `name` varchar(50) NOT NULL,
  `email` varchar(50) NOT NULL,
  PRIMARY KEY (`id`),
  UNIQUE KEY `employee_uid_UNIQUE` (`employee_uid`)
) ENGINE=InnoDB AUTO_INCREMENT=51 DEFAULT CHARSET=latin1;

-- ----------------------------
-- Records of employee
-- ----------------------------
INSERT INTO `employee` VALUES ('1', '4110', 'MTI180704110', 'Abdul Akbar Aziz', 'akbar.aziz@moratelindo.co.id');
INSERT INTO `employee` VALUES ('2', '866', 'MTI130100866', 'Muhammad Haddiel Fuad', 'mhfuad@moratelindo.co.id');
INSERT INTO `employee` VALUES ('3', '195', 'MTI110200195', 'Murahati Zalukhu', 'mura@moratelindo.co.id');
INSERT INTO `employee` VALUES ('4', '1066', 'MTI130801066', 'Doni Wahyu Shahri Romadhona', 'doni.wahyu@moratelindo.co.id');
INSERT INTO `employee` VALUES ('7', '593', 'MTI120500593', 'Andika Hapsoro', 'andika.hapsoro@moratelindo.co.id');
INSERT INTO `employee` VALUES ('8', '2097', 'MTI141002097', 'Rizki Taufiqurrahman Hamzah', 'rizki.taufiqurrahman@moratelindo.co.id');
INSERT INTO `employee` VALUES ('9', '1', 'MTI_SPV_01', 'Supervisor 1', 'spv1@moratelindo.co.id');
INSERT INTO `employee` VALUES ('10', '2', 'MTI_SPV_02', 'Supervisor 2', 'spv2@moratelindo.co.id');
INSERT INTO `employee` VALUES ('11', '3', 'MTI_SLS_11', 'Sales 1.1', 'sls11@moratelindo.co.id');
INSERT INTO `employee` VALUES ('12', '4', 'MTI_SLS_12', 'Sales 1.2', 'sls12@moratelindo.co.id');
INSERT INTO `employee` VALUES ('13', '5', 'MTI_SLS_21', 'Sales 2.1', 'sls21@moratelindo.co.id');
INSERT INTO `employee` VALUES ('14', '6', 'MTI_SLS_22', 'Sales 2.2', 'sls22@moratelindo.co.id');
INSERT INTO `employee` VALUES ('15', '4639', 'MTI181204639', 'Mohammad Iqbal', 'mohammad.iqbal@moratelindo.co.id');
INSERT INTO `employee` VALUES ('16', '2617', 'MTI151002617', 'Ali Aldjoeffry', 'ali.aldjoeffry@moratelindo.co.id');
INSERT INTO `employee` VALUES ('17', '2171', 'MTI150102171', 'Maria Fransiska Reppi', 'maria.fransiska@moratelindo.co.id');
INSERT INTO `employee` VALUES ('18', '2555', 'MTI150802555', 'Andi Januar Pribadi', 'andi.januar@moratelindo.co.id');
INSERT INTO `employee` VALUES ('19', '2690', 'MTI160202690', 'Nurul Paramitha', 'nurul.paramitha@moratelindo.co.id');
INSERT INTO `employee` VALUES ('20', '2715', 'MTI160402715', 'Rahmadania', 'rahmadania@moratelindo.co.id');
INSERT INTO `employee` VALUES ('21', '4290', 'MTI180904290', 'Hafiz Zhafran', 'hafiz.zhafran@moratelindo.co.id');
INSERT INTO `employee` VALUES ('22', '4735', 'MTI190104735', 'Muhammad Ruhyatis', 'muhamad.ruhyatis@moratelindo.co.id');
INSERT INTO `employee` VALUES ('23', '5145', 'MTI190405145', 'Hari Wibowo', 'hari.wibowo@moratelindo.co.id');
INSERT INTO `employee` VALUES ('24', '4637', 'MTI181204637', 'Ivana Dwi Putri', 'ivana.dwi@moratelindo.co.id');
INSERT INTO `employee` VALUES ('25', '3018', 'MTI170203018', 'Gerry Hendra Setiawan', 'gerry.hendra@moratelindo.co.id');
INSERT INTO `employee` VALUES ('26', '4724', 'MTI190104724', 'Elis Purnomo', 'elis.purnomo@moratelindo.co.id');
INSERT INTO `employee` VALUES ('27', '3304', 'MTI170703304', 'Hismi Addini Harosah', 'hismi.addini@moratelindo.co.id');
INSERT INTO `employee` VALUES ('28', '5171', 'MTI190505171', 'ANTONI PRATAMA', 'antoni.pratama@moratelindo.co.id');
INSERT INTO `employee` VALUES ('29', '5211', 'MTI190505211', 'Dinda Nuraini', 'dinda.nuraini@moratelindo.co.id');
INSERT INTO `employee` VALUES ('30', '5231', 'MTI190505231', 'Aris Riyan Hidayat', 'aris.ryan@moratelindo.co.id');
INSERT INTO `employee` VALUES ('31', '4186', 'MTI180804186', 'Jefry Zulfikar', 'jefri.zulfikar@moratelindo.co.id');
INSERT INTO `employee` VALUES ('32', '3358', 'MTI170903358', 'Laras Setyawidi', 'laras.setyawidi@moratelindo.co.id');
INSERT INTO `employee` VALUES ('33', '4295', 'MTI180904295', 'Rio Galang Prasasti', 'rio.galang@moratelindo.co.id');
INSERT INTO `employee` VALUES ('34', '2550', 'MTI150802550', 'Ratih Marliswari', 'ratih.marliswari@moratelindo.co.id');
INSERT INTO `employee` VALUES ('35', '5656', 'MTI191005656', 'Gesi Damayanti Sinulingga', 'gesi.damayanti@moratelindo.co.id');
INSERT INTO `employee` VALUES ('36', '5649', 'MTI191005649', 'Jevel Gianluca Alessandro', 'jevel.gianluca@moratelindo.co.id');
INSERT INTO `employee` VALUES ('37', '820', 'MTI121100820', 'Siti Nurmala', 'siti.nurmala@moratelindo.co.id');
INSERT INTO `employee` VALUES ('38', '2628', 'MTI151102628', 'Diah Ayu Anggraini', 'diah.ayu@moratelindo.co.id');
INSERT INTO `employee` VALUES ('39', '127', 'MTI100600127', 'Agoeng Achmad', 'agoeng.ahmad@moratelindo.co.id');
INSERT INTO `employee` VALUES ('40', '1682', 'MTI140301682', 'Sanjaya Adi Putra', 'sanjaya.putra@moratelindo.co.id');
INSERT INTO `employee` VALUES ('41', '1633', 'MTI140201633', 'Her Noertjahjo', 'her.noertjahjo@moratelindo.co.id');
INSERT INTO `employee` VALUES ('42', '4427', 'MTI181004427', 'Anissa Indrastuti', 'anissa.indrastuti@moratelindo.co.id');
INSERT INTO `employee` VALUES ('43', '1996', 'MTI110201996', 'Eka Saputri Agustina', 'eka.agustina@moratelindo.co.id');
INSERT INTO `employee` VALUES ('44', '61', 'MTI090100061', 'Fibriadi Prasetyo', 'prasetyo@moratelindo.co.id');
INSERT INTO `employee` VALUES ('45', '4650', 'MTI181204650', 'Taufik Ade Kusuma', 'taufik.ade@moratelindo.co.id');
INSERT INTO `employee` VALUES ('46', '2825', 'MTI160902825', 'Akurat Cipta Negara', 'akurat.cipta@moratelindo.co.id');
INSERT INTO `employee` VALUES ('47', '1970', 'MTI140801970', 'Septia Uci Ervina', 'septia.uciervina@moratelindo.co.id');
INSERT INTO `employee` VALUES ('48', '2229', 'MTI150202229', 'Ronny Rengkuan', 'ronny.rengkuan@moratelindo.co.id');
INSERT INTO `employee` VALUES ('49', '2849', 'MTI161002849', 'Riki Anang Sanjaya', 'riki.sanjaya@moratelindo.co.id');
INSERT INTO `employee` VALUES ('50', '851', 'MTI121200851', 'Sri Murni', 'sri.murni@moratelindo.co.id');

-- ----------------------------
-- Table structure for leveluser
-- ----------------------------
DROP TABLE IF EXISTS `leveluser`;
CREATE TABLE `leveluser` (
  `id` int(10) unsigned NOT NULL AUTO_INCREMENT,
  `name` varchar(50) NOT NULL,
  PRIMARY KEY (`id`)
) ENGINE=InnoDB AUTO_INCREMENT=5 DEFAULT CHARSET=latin1;

-- ----------------------------
-- Records of leveluser
-- ----------------------------
INSERT INTO `leveluser` VALUES ('1', 'Administrator');
INSERT INTO `leveluser` VALUES ('2', 'Supervisor');
INSERT INTO `leveluser` VALUES ('3', 'Sales');
INSERT INTO `leveluser` VALUES ('4', 'Manager');

-- ----------------------------
-- Table structure for master_business_line
-- ----------------------------
DROP TABLE IF EXISTS `master_business_line`;
CREATE TABLE `master_business_line` (
  `id` int(10) unsigned NOT NULL AUTO_INCREMENT,
  `name` varchar(100) NOT NULL,
  PRIMARY KEY (`id`)
) ENGINE=InnoDB AUTO_INCREMENT=8 DEFAULT CHARSET=latin1;

-- ----------------------------
-- Records of master_business_line
-- ----------------------------
INSERT INTO `master_business_line` VALUES ('1', 'Gov, Mining, Oil &Gas');
INSERT INTO `master_business_line` VALUES ('2', 'Wholesaler');
INSERT INTO `master_business_line` VALUES ('3', 'Banking & Financing');
INSERT INTO `master_business_line` VALUES ('4', 'Property');
INSERT INTO `master_business_line` VALUES ('5', 'Telecommunication');
INSERT INTO `master_business_line` VALUES ('6', 'Education');
INSERT INTO `master_business_line` VALUES ('7', 'Media & Hospitality');

-- ----------------------------
-- Table structure for negotiationdata
-- ----------------------------
DROP TABLE IF EXISTS `negotiationdata`;
CREATE TABLE `negotiationdata` (
  `id` int(10) unsigned NOT NULL AUTO_INCREMENT,
  `customer_id` int(10) unsigned NOT NULL,
  `bid_price` decimal(10,0) NOT NULL,
  `product_offered` text NOT NULL,
  `asking_price` decimal(10,0) NOT NULL,
  `agreed_price` decimal(10,0) NOT NULL,
  `updated_date` timestamp NOT NULL DEFAULT CURRENT_TIMESTAMP ON UPDATE CURRENT_TIMESTAMP,
  PRIMARY KEY (`id`),
  KEY `fk_negotiationdata_customer1_idx` (`customer_id`),
  CONSTRAINT `fk_negotiationdata_customer1` FOREIGN KEY (`customer_id`) REFERENCES `customer` (`id`) ON DELETE NO ACTION ON UPDATE NO ACTION
) ENGINE=InnoDB DEFAULT CHARSET=latin1;

-- ----------------------------
-- Records of negotiationdata
-- ----------------------------

-- ----------------------------
-- Table structure for note
-- ----------------------------
DROP TABLE IF EXISTS `note`;
CREATE TABLE `note` (
  `id` int(10) unsigned NOT NULL AUTO_INCREMENT,
  `user_sales` int(10) unsigned NOT NULL,
  `user_supervisor` int(10) unsigned NOT NULL,
  `message` text NOT NULL,
  `created_by` int(11) NOT NULL,
  `created_date` timestamp NOT NULL DEFAULT CURRENT_TIMESTAMP ON UPDATE CURRENT_TIMESTAMP,
  `read` tinyint(1) NOT NULL DEFAULT '0',
  PRIMARY KEY (`id`),
  KEY `fk_note_user1_idx` (`user_sales`),
  KEY `fk_note_user2_idx` (`user_supervisor`),
  CONSTRAINT `fk_note_user1` FOREIGN KEY (`user_sales`) REFERENCES `user` (`id`) ON DELETE NO ACTION ON UPDATE NO ACTION,
  CONSTRAINT `fk_note_user2` FOREIGN KEY (`user_supervisor`) REFERENCES `user` (`id`) ON DELETE NO ACTION ON UPDATE NO ACTION
) ENGINE=InnoDB DEFAULT CHARSET=latin1;

-- ----------------------------
-- Records of note
-- ----------------------------

-- ----------------------------
-- Table structure for officialreportdata
-- ----------------------------
DROP TABLE IF EXISTS `officialreportdata`;
CREATE TABLE `officialreportdata` (
  `id` int(10) unsigned NOT NULL AUTO_INCREMENT,
  `customer_id` int(10) unsigned NOT NULL,
  `date` date NOT NULL,
  `pks` varchar(300) NOT NULL,
  `updated_date` timestamp NOT NULL DEFAULT CURRENT_TIMESTAMP ON UPDATE CURRENT_TIMESTAMP,
  PRIMARY KEY (`id`),
  KEY `fk_ officialreportdata_customer1_idx` (`customer_id`),
  CONSTRAINT `fk_ officialreportdata_customer1` FOREIGN KEY (`customer_id`) REFERENCES `customer` (`id`) ON DELETE NO ACTION ON UPDATE NO ACTION
) ENGINE=InnoDB DEFAULT CHARSET=latin1;

-- ----------------------------
-- Records of officialreportdata
-- ----------------------------

-- ----------------------------
-- Table structure for product
-- ----------------------------
DROP TABLE IF EXISTS `product`;
CREATE TABLE `product` (
  `ID_PRODUCT` int(11) NOT NULL AUTO_INCREMENT,
  `PRODUCT_NAME` varchar(150) DEFAULT NULL,
  `CREATED_BY` int(2) DEFAULT NULL,
  `CREATE_DATE` date DEFAULT NULL,
  `STATUS` varchar(1) DEFAULT NULL,
  `PARENT_ID` int(10) DEFAULT NULL,
  PRIMARY KEY (`ID_PRODUCT`),
  KEY `PRODUCT_NAME` (`PRODUCT_NAME`)
) ENGINE=InnoDB AUTO_INCREMENT=127 DEFAULT CHARSET=latin1;

-- ----------------------------
-- Records of product
-- ----------------------------
INSERT INTO `product` VALUES ('1', 'IP Transit Internasional (IX)', '1', '2015-04-08', 'A', '0');
INSERT INTO `product` VALUES ('2', 'IP Transit Domestic (IIX)', '1', '2015-04-08', 'A', '0');
INSERT INTO `product` VALUES ('3', 'Internasional Link', '1', '2015-04-08', 'A', '0');
INSERT INTO `product` VALUES ('4', 'Domestic Link', '1', '2015-04-08', 'A', '0');
INSERT INTO `product` VALUES ('5', 'Internet Exchange', '1', '2015-04-08', 'A', '0');
INSERT INTO `product` VALUES ('6', 'NDC  (Collocation)', '1', '2015-04-08', 'A', '0');
INSERT INTO `product` VALUES ('7', 'Additional Product', '1', '2015-04-08', 'A', '0');
INSERT INTO `product` VALUES ('8', 'Oxygen', '1', '2015-04-08', 'A', '0');
INSERT INTO `product` VALUES ('9', 'BTS Backhaul - Tower', '1', '2015-04-08', 'A', '0');
INSERT INTO `product` VALUES ('10', 'New Product', '1', null, 'A', '0');
INSERT INTO `product` VALUES ('65', 'Super NET', '1', '2015-04-08', 'A', '1');
INSERT INTO `product` VALUES ('66', 'SuperNET MIX', '1', '2015-04-08', 'A', '1');
INSERT INTO `product` VALUES ('67', 'Super IIX', '1', '2015-04-08', 'A', '2');
INSERT INTO `product` VALUES ('68', 'SuperNAP', '1', '2015-04-08', 'A', '3');
INSERT INTO `product` VALUES ('69', 'NET Hosting Internasional', '1', '2015-04-08', 'A', '3');
INSERT INTO `product` VALUES ('70', 'Leased Core / Dark Fiber Internasional', '1', '2015-04-08', 'A', '3');
INSERT INTO `product` VALUES ('71', 'IRU Internasional', '1', '2015-04-08', 'A', '3');
INSERT INTO `product` VALUES ('72', 'VSAT Link Internasional', '1', '2015-04-08', 'A', '3');
INSERT INTO `product` VALUES ('73', 'Interconnection', '1', '2015-04-08', 'A', '3');
INSERT INTO `product` VALUES ('74', 'Metro-M', '1', '2015-04-08', 'A', '4');
INSERT INTO `product` VALUES ('75', 'NET Hosting', '1', '2015-04-08', 'A', '4');
INSERT INTO `product` VALUES ('76', 'Leased Core / Dark Fiber Inner City', '1', '2015-04-08', 'A', '4');
INSERT INTO `product` VALUES ('77', 'VSAT Link Domestic - SCPC', '1', '2015-04-08', 'A', '4');
INSERT INTO `product` VALUES ('78', 'VSAT Link Domestic - MCPC', '1', '2015-04-08', 'A', '4');
INSERT INTO `product` VALUES ('79', 'Radio Link', '1', '2015-04-08', 'A', '4');
INSERT INTO `product` VALUES ('80', 'Interconnection', '1', '2015-04-08', 'A', '4');
INSERT INTO `product` VALUES ('81', 'Mora IX', '1', '2015-04-08', 'A', '5');
INSERT INTO `product` VALUES ('82', 'Nusantara Data Center - NDC Full Rack', '1', '2015-04-08', 'A', '6');
INSERT INTO `product` VALUES ('83', 'Nusantara Data Center - NDC per U Rack', '1', '2015-04-08', 'A', '6');
INSERT INTO `product` VALUES ('84', 'Nusantara Data Center - NDC Half Rack (6U)', '1', '2015-04-08', 'A', '6');
INSERT INTO `product` VALUES ('85', 'Nusantara Data Center - NDC Space (m2)', '1', '2015-04-08', 'A', '6');
INSERT INTO `product` VALUES ('86', 'Shared Hosting', '1', '2015-04-08', 'A', '7');
INSERT INTO `product` VALUES ('87', 'Web Hosting', '1', '2015-04-08', 'A', '7');
INSERT INTO `product` VALUES ('88', 'Email Hosting', '1', '2015-04-08', 'A', '7');
INSERT INTO `product` VALUES ('89', 'Mora Hosting', '1', '2015-04-08', 'A', '7');
INSERT INTO `product` VALUES ('90', 'Mobile VPN', '1', '2015-04-08', 'A', '7');
INSERT INTO `product` VALUES ('91', 'Virtual Private Server', '1', '2015-04-08', 'A', '7');
INSERT INTO `product` VALUES ('92', 'IP Public v4', '1', '2015-04-08', 'A', '7');
INSERT INTO `product` VALUES ('93', 'IP Public v6', '1', '2015-04-08', 'A', '7');
INSERT INTO `product` VALUES ('94', 'Listrik', '1', '2015-04-08', 'A', '7');
INSERT INTO `product` VALUES ('95', 'MOVIC - Video Conference System', '1', '2015-04-08', 'A', '7');
INSERT INTO `product` VALUES ('96', 'MOVIC Licences', '1', '2015-04-08', 'A', '7');
INSERT INTO `product` VALUES ('97', 'E Mail Security and Anti Spam', '1', '2015-04-08', 'A', '7');
INSERT INTO `product` VALUES ('98', 'CCTV Security System', '1', '2015-04-08', 'A', '7');
INSERT INTO `product` VALUES ('99', 'IP PBX', '1', '2015-04-08', 'A', '7');
INSERT INTO `product` VALUES ('100', 'OTT TV Service', '1', '2015-04-08', 'A', '7');
INSERT INTO `product` VALUES ('101', 'Setup Box', '1', '2015-04-08', 'A', '7');
INSERT INTO `product` VALUES ('102', 'Call Center', '1', '2015-04-08', 'A', '7');
INSERT INTO `product` VALUES ('103', 'Infrastructur Cost', '1', '2015-04-08', 'A', '7');
INSERT INTO `product` VALUES ('104', 'AS Number', '1', '2015-04-08', 'A', '7');
INSERT INTO `product` VALUES ('105', 'Domain', '1', '2015-04-08', 'A', '7');
INSERT INTO `product` VALUES ('106', 'Jasa Pelatihan', '1', '2015-04-08', 'A', '7');
INSERT INTO `product` VALUES ('107', 'WiFi', '1', '2015-04-08', 'A', '7');
INSERT INTO `product` VALUES ('108', 'VSAT Equipment Leased', '1', '2015-04-08', 'A', '7');
INSERT INTO `product` VALUES ('109', 'Oxygen10', '1', '2015-04-08', 'A', '8');
INSERT INTO `product` VALUES ('110', 'Oxygen25', '1', '2015-04-08', 'A', '8');
INSERT INTO `product` VALUES ('111', 'Oxygen50', '1', '2015-04-08', 'A', '8');
INSERT INTO `product` VALUES ('112', 'Oxygen100', '1', '2015-04-08', 'A', '8');
INSERT INTO `product` VALUES ('113', 'Oxygen1G', '1', '2015-04-08', 'A', '8');
INSERT INTO `product` VALUES ('114', 'Oxygen10', '1', '2015-04-08', 'I', '8');
INSERT INTO `product` VALUES ('115', 'Oxygen25', '1', '2015-04-08', 'I', '8');
INSERT INTO `product` VALUES ('116', 'Oxygen50', '1', '2015-04-08', 'I', '8');
INSERT INTO `product` VALUES ('117', 'Oxygen100', '1', '2015-04-08', 'I', '8');
INSERT INTO `product` VALUES ('118', 'Oxygen1G', '1', '2015-04-08', 'I', '8');
INSERT INTO `product` VALUES ('119', 'Monthly Tower Rent', '1', '2015-04-08', 'A', '9');
INSERT INTO `product` VALUES ('120', 'Monthly Tower Maintenance', '1', '2015-04-08', 'A', '9');
INSERT INTO `product` VALUES ('121', 'BTS Backhaul Pole', '1', '2015-04-08', 'A', '9');
INSERT INTO `product` VALUES ('122', 'Test', '1', '2015-06-08', 'I', '1');
INSERT INTO `product` VALUES ('123', 'Oxygen5', '1', '2016-08-10', 'A', '8');
INSERT INTO `product` VALUES ('124', 'VPS', '1', null, 'A', '10');
INSERT INTO `product` VALUES ('125', 'CLOUD', '1', null, 'A', '10');
INSERT INTO `product` VALUES ('126', 'Manage Service', '1', null, 'A', '10');

-- ----------------------------
-- Table structure for prospectdata
-- ----------------------------
DROP TABLE IF EXISTS `prospectdata`;
CREATE TABLE `prospectdata` (
  `id` int(10) unsigned NOT NULL AUTO_INCREMENT,
  `customer_id` int(10) unsigned NOT NULL,
  `existing_conditions` text NOT NULL,
  `existing_provider` varchar(500) NOT NULL,
  `existing_capacity` text NOT NULL,
  `needs_plan` text NOT NULL,
  `budget` decimal(10,0) NOT NULL DEFAULT '0',
  `capacity` varchar(50) DEFAULT NULL,
  `mix` varchar(50) DEFAULT NULL,
  `uom` varchar(50) DEFAULT NULL,
  `media` varchar(250) DEFAULT NULL,
  `interface` varchar(250) DEFAULT NULL,
  `updated_date` timestamp NOT NULL DEFAULT CURRENT_TIMESTAMP ON UPDATE CURRENT_TIMESTAMP,
  PRIMARY KEY (`id`),
  KEY `fk_prospectdata_customer1_idx` (`customer_id`),
  CONSTRAINT `fk_prospectdata_customer1` FOREIGN KEY (`customer_id`) REFERENCES `customer` (`id`) ON DELETE NO ACTION ON UPDATE NO ACTION
) ENGINE=InnoDB AUTO_INCREMENT=3 DEFAULT CHARSET=latin1;

-- ----------------------------
-- Records of prospectdata
-- ----------------------------
INSERT INTO `prospectdata` VALUES ('1', '12', 'test', 'test', 'test', 'test', '1000000', null, null, null, null, null, '2019-09-18 10:01:46');
INSERT INTO `prospectdata` VALUES ('2', '13', 'test', 'test', 'test', 'test', '1000000', null, null, null, null, null, '2019-10-10 10:22:36');

-- ----------------------------
-- Table structure for registrationdata
-- ----------------------------
DROP TABLE IF EXISTS `registrationdata`;
CREATE TABLE `registrationdata` (
  `id` int(10) unsigned NOT NULL AUTO_INCREMENT,
  `customer_id` int(10) unsigned NOT NULL,
  `company_name` varchar(200) NOT NULL,
  `address` text NOT NULL,
  `latitude` varchar(200) DEFAULT NULL,
  `longitude` varchar(200) DEFAULT NULL,
  `npwp` varchar(20) NOT NULL,
  `pic_signing` varchar(200) NOT NULL,
  `updated_date` timestamp NOT NULL DEFAULT CURRENT_TIMESTAMP ON UPDATE CURRENT_TIMESTAMP,
  PRIMARY KEY (`id`),
  KEY `fk_registrationdata_customer1_idx` (`customer_id`),
  CONSTRAINT `fk_registrationdata_customer1` FOREIGN KEY (`customer_id`) REFERENCES `customer` (`id`) ON DELETE NO ACTION ON UPDATE NO ACTION
) ENGINE=InnoDB DEFAULT CHARSET=latin1;

-- ----------------------------
-- Records of registrationdata
-- ----------------------------

-- ----------------------------
-- Table structure for replyactivity
-- ----------------------------
DROP TABLE IF EXISTS `replyactivity`;
CREATE TABLE `replyactivity` (
  `id` int(10) unsigned NOT NULL AUTO_INCREMENT,
  `activity_id` int(10) unsigned NOT NULL,
  `message` text NOT NULL,
  `created_date` timestamp NOT NULL DEFAULT CURRENT_TIMESTAMP ON UPDATE CURRENT_TIMESTAMP,
  PRIMARY KEY (`id`),
  KEY `fk_replyactivity_activity1_idx` (`activity_id`),
  CONSTRAINT `fk_replyactivity_activity1` FOREIGN KEY (`activity_id`) REFERENCES `activity` (`id`) ON DELETE NO ACTION ON UPDATE NO ACTION
) ENGINE=InnoDB DEFAULT CHARSET=latin1;

-- ----------------------------
-- Records of replyactivity
-- ----------------------------

-- ----------------------------
-- Table structure for reportcalllog
-- ----------------------------
DROP TABLE IF EXISTS `reportcalllog`;
CREATE TABLE `reportcalllog` (
  `id` int(11) NOT NULL AUTO_INCREMENT,
  `customer_id` int(10) unsigned NOT NULL,
  `date` timestamp NOT NULL DEFAULT CURRENT_TIMESTAMP ON UPDATE CURRENT_TIMESTAMP,
  `num_call` int(11) NOT NULL,
  PRIMARY KEY (`id`),
  KEY `fk_reportcalllog_customer1_idx` (`customer_id`),
  CONSTRAINT `fk_reportcalllog_customer1` FOREIGN KEY (`customer_id`) REFERENCES `customer` (`id`) ON DELETE NO ACTION ON UPDATE NO ACTION
) ENGINE=InnoDB AUTO_INCREMENT=5 DEFAULT CHARSET=latin1;

-- ----------------------------
-- Records of reportcalllog
-- ----------------------------
INSERT INTO `reportcalllog` VALUES ('1', '2', '2019-07-26 09:56:46', '0');
INSERT INTO `reportcalllog` VALUES ('2', '10', '2019-09-02 10:55:01', '0');
INSERT INTO `reportcalllog` VALUES ('3', '11', '2019-09-02 14:31:45', '0');
INSERT INTO `reportcalllog` VALUES ('4', '15', '2019-10-08 09:43:33', '0');

-- ----------------------------
-- Table structure for segmentation
-- ----------------------------
DROP TABLE IF EXISTS `segmentation`;
CREATE TABLE `segmentation` (
  `id` int(10) unsigned NOT NULL AUTO_INCREMENT,
  `name` varchar(100) NOT NULL,
  `presales_name` varchar(100) NOT NULL,
  PRIMARY KEY (`id`)
) ENGINE=InnoDB AUTO_INCREMENT=11 DEFAULT CHARSET=latin1;

-- ----------------------------
-- Records of segmentation
-- ----------------------------
INSERT INTO `segmentation` VALUES ('1', 'SME', 'FTTX');
INSERT INTO `segmentation` VALUES ('2', 'HRB', 'HRB');
INSERT INTO `segmentation` VALUES ('3', 'EDU FM', 'EDU FM');
INSERT INTO `segmentation` VALUES ('4', 'BUMN', 'BUMN');
INSERT INTO `segmentation` VALUES ('5', 'GBO', 'GBO');
INSERT INTO `segmentation` VALUES ('6', 'Goverment & Regional', 'Goverment & Regional 2');
INSERT INTO `segmentation` VALUES ('7', 'MEDHOS', 'MEDHOS');
INSERT INTO `segmentation` VALUES ('8', 'REGIONAL', 'REGIONAL');
INSERT INTO `segmentation` VALUES ('9', 'WIFI', 'WIFI');
INSERT INTO `segmentation` VALUES ('10', 'Joint Co & International Segment', 'Joint Co & International Segment');

-- ----------------------------
-- Table structure for service_definition
-- ----------------------------
DROP TABLE IF EXISTS `service_definition`;
CREATE TABLE `service_definition` (
  `id` int(10) unsigned NOT NULL AUTO_INCREMENT,
  `group_id` int(10) DEFAULT NULL,
  `subservice_name` varchar(100) NOT NULL,
  `uom` varchar(50) NOT NULL,
  PRIMARY KEY (`id`)
) ENGINE=InnoDB AUTO_INCREMENT=59 DEFAULT CHARSET=latin1;

-- ----------------------------
-- Records of service_definition
-- ----------------------------
INSERT INTO `service_definition` VALUES ('1', '1', 'Oxygen Home (FTTH)', 'Mbps');
INSERT INTO `service_definition` VALUES ('2', '1', 'Oxygen HOME (FTTB)', 'Mbps');
INSERT INTO `service_definition` VALUES ('3', '1', 'Oxygen SOHO (FTTX)', 'Mbps');
INSERT INTO `service_definition` VALUES ('4', '1', 'Oxygen SOHO (FTTB)', 'Mbps');
INSERT INTO `service_definition` VALUES ('5', '1', 'Oxygen CORPORATE (FTTX)', 'Mbps');
INSERT INTO `service_definition` VALUES ('6', '1', 'Oxygen CORPORATE (FTTB)', 'Mbps');
INSERT INTO `service_definition` VALUES ('7', '2', 'SuperNET', 'Mbps');
INSERT INTO `service_definition` VALUES ('8', '2', 'SuperNET MIX', 'Mbps');
INSERT INTO `service_definition` VALUES ('9', '2', 'Super IIX', 'Mbps');
INSERT INTO `service_definition` VALUES ('10', '2', 'Oxyygen Dedicated (FTTX)', 'Mbps');
INSERT INTO `service_definition` VALUES ('11', '2', 'Oxygen Dedicate (FTTB)', 'Mbps');
INSERT INTO `service_definition` VALUES ('12', '3', 'SuperNAP (IPLC)', ' Mbps');
INSERT INTO `service_definition` VALUES ('13', '3', 'Leased Core/Dark Fiber Internasional', ' Core');
INSERT INTO `service_definition` VALUES ('14', '3', 'IRU Internasional', ' Core');
INSERT INTO `service_definition` VALUES ('15', '3', 'Interconnection (International)', ' Port');
INSERT INTO `service_definition` VALUES ('16', '4', 'Mora IXP', 'Mbps');
INSERT INTO `service_definition` VALUES ('17', '4', 'MREN IXP', 'Mbps');
INSERT INTO `service_definition` VALUES ('18', '5', 'Local Loop', 'Mbps');
INSERT INTO `service_definition` VALUES ('19', '5', 'Metro - M (MPLS)', 'Mbps');
INSERT INTO `service_definition` VALUES ('20', '5', 'Leased Core Inner City', 'Core');
INSERT INTO `service_definition` VALUES ('21', '5', 'Leased Core Inter City', 'Core');
INSERT INTO `service_definition` VALUES ('22', '5', 'Interconnection (Domestic)', 'Port');
INSERT INTO `service_definition` VALUES ('23', '5', 'Mobile VPN', 'Unit');
INSERT INTO `service_definition` VALUES ('24', '5', 'Oxygen Metro', 'Mbps');
INSERT INTO `service_definition` VALUES ('25', '6', 'Collocation', 'Rack Unit');
INSERT INTO `service_definition` VALUES ('26', '6', 'Rack Space Rent', 'm2');
INSERT INTO `service_definition` VALUES ('27', '6', 'Shaft Tray Rent', 'Cable');
INSERT INTO `service_definition` VALUES ('28', '6', 'MMR Cross Connect', 'Port');
INSERT INTO `service_definition` VALUES ('29', '7', 'BTS Hotel Rent', 'Node');
INSERT INTO `service_definition` VALUES ('30', '7', 'BTS 4G Rent', 'Node');
INSERT INTO `service_definition` VALUES ('31', '8', 'VPS', 'GB');
INSERT INTO `service_definition` VALUES ('32', '8', 'Email Hosting', 'GB');
INSERT INTO `service_definition` VALUES ('33', '8', 'Mora Hosting', 'GB');
INSERT INTO `service_definition` VALUES ('34', '8', 'Cloud Storage', 'GB');
INSERT INTO `service_definition` VALUES ('35', '8', 'Cloud Application', '');
INSERT INTO `service_definition` VALUES ('36', '9', 'SMTP Relay', 'Domain');
INSERT INTO `service_definition` VALUES ('37', '9', 'DNS', 'Domain');
INSERT INTO `service_definition` VALUES ('38', '9', 'IP Public v4', 'IP');
INSERT INTO `service_definition` VALUES ('39', '9', 'IP Public v6', 'IP');
INSERT INTO `service_definition` VALUES ('40', '9', 'AS Number', 'ASN');
INSERT INTO `service_definition` VALUES ('41', '9', 'Domain', 'Domain');
INSERT INTO `service_definition` VALUES ('42', '9', 'BGP', 'ASN');
INSERT INTO `service_definition` VALUES ('43', '9', 'MRTG', 'Traffic');
INSERT INTO `service_definition` VALUES ('44', '9', 'Mail Security and Anti Spam', 'Domain');
INSERT INTO `service_definition` VALUES ('45', '9', 'Application Training', 'Session');
INSERT INTO `service_definition` VALUES ('46', '9', 'DDoS Protection', 'Mbps');
INSERT INTO `service_definition` VALUES ('47', '9', 'Grounding', 'Set');
INSERT INTO `service_definition` VALUES ('48', '9', 'WiFi (Project Based)', 'Node');
INSERT INTO `service_definition` VALUES ('49', '9', 'WiFi Oxygen.id (Free WiFi)', 'Node');
INSERT INTO `service_definition` VALUES ('50', '9', 'VSAT SCPC', '');
INSERT INTO `service_definition` VALUES ('51', '9', 'VSAT MCPC', '');
INSERT INTO `service_definition` VALUES ('52', '9', 'Radio Microwave', '');
INSERT INTO `service_definition` VALUES ('53', '9', 'IPTV/OTT TV', 'STB');
INSERT INTO `service_definition` VALUES ('54', '9', 'Video Surveillance (IP/CCTV)', 'Unit');
INSERT INTO `service_definition` VALUES ('55', '9', 'Access Manager', 'Set');
INSERT INTO `service_definition` VALUES ('56', '9', 'One Time Managed Service', 'Lumpsum');
INSERT INTO `service_definition` VALUES ('57', '9', 'Monthly Managed Service', 'Month');
INSERT INTO `service_definition` VALUES ('58', '9', 'Telephony Service', '');

-- ----------------------------
-- Table structure for service_definition_new
-- ----------------------------
DROP TABLE IF EXISTS `service_definition_new`;
CREATE TABLE `service_definition_new` (
  `id` int(10) unsigned NOT NULL AUTO_INCREMENT,
  `group_id` int(10) DEFAULT NULL,
  `subservice_name` varchar(100) NOT NULL,
  PRIMARY KEY (`id`)
) ENGINE=InnoDB AUTO_INCREMENT=139 DEFAULT CHARSET=latin1;

-- ----------------------------
-- Records of service_definition_new
-- ----------------------------
INSERT INTO `service_definition_new` VALUES ('1', '1', 'Dark Fiber (Leased Core)');
INSERT INTO `service_definition_new` VALUES ('2', '1', 'Network Fiberization');
INSERT INTO `service_definition_new` VALUES ('3', '1', 'SuperNAP (SDH/SONET/DWDM)');
INSERT INTO `service_definition_new` VALUES ('4', '1', 'MetroM (Ethernet Private Line)');
INSERT INTO `service_definition_new` VALUES ('5', '1', 'IPVPN (MPLS)');
INSERT INTO `service_definition_new` VALUES ('6', '1', 'MORA EXPRESS CONNECT');
INSERT INTO `service_definition_new` VALUES ('7', '1', 'ID-REN');
INSERT INTO `service_definition_new` VALUES ('8', '1', 'EDU-ROAM');
INSERT INTO `service_definition_new` VALUES ('9', '1', 'Backhaul Radio Link');
INSERT INTO `service_definition_new` VALUES ('10', '1', 'Lastmile Radio Link');
INSERT INTO `service_definition_new` VALUES ('11', '1', 'VSAT SCPC');
INSERT INTO `service_definition_new` VALUES ('12', '1', 'FIXED VSAT IP (C-Band)');
INSERT INTO `service_definition_new` VALUES ('13', '1', 'FIXED VSAT IP (HTS KU-Band)');
INSERT INTO `service_definition_new` VALUES ('14', '1', 'FIXED VSAT IP (KA-Band)');
INSERT INTO `service_definition_new` VALUES ('15', '1', 'FIXED VSAT IP (O3b)');
INSERT INTO `service_definition_new` VALUES ('16', '1', 'Mobile VSAT IP');
INSERT INTO `service_definition_new` VALUES ('17', '2', 'SuperNET (IP Transit International)');
INSERT INTO `service_definition_new` VALUES ('18', '2', 'Super IIX (IP Transit Domestic)');
INSERT INTO `service_definition_new` VALUES ('19', '2', 'SuperNET MIX (IP Transit MIX)');
INSERT INTO `service_definition_new` VALUES ('20', '2', 'Mora-IXP');
INSERT INTO `service_definition_new` VALUES ('21', '2', 'Dedicated Internet Access');
INSERT INTO `service_definition_new` VALUES ('22', '2', 'DIA Bandwidth on Demand');
INSERT INTO `service_definition_new` VALUES ('23', '2', 'Oxygen Dedicated (GPON)');
INSERT INTO `service_definition_new` VALUES ('24', '2', 'Oxygen SOHO');
INSERT INTO `service_definition_new` VALUES ('25', '2', 'Oxygen Biz Start-Up');
INSERT INTO `service_definition_new` VALUES ('26', '2', 'Oxygen Suite');
INSERT INTO `service_definition_new` VALUES ('27', '2', 'Oxygen Mall');
INSERT INTO `service_definition_new` VALUES ('28', '2', 'Oxygen Rusun');
INSERT INTO `service_definition_new` VALUES ('29', '2', 'Oxygen Home');
INSERT INTO `service_definition_new` VALUES ('30', '2', 'Oxygen Free-WiFi ');
INSERT INTO `service_definition_new` VALUES ('31', '2', 'Oxygen WiFi On Demand');
INSERT INTO `service_definition_new` VALUES ('32', '2', 'Oxygen WiFi Voucher ');
INSERT INTO `service_definition_new` VALUES ('33', '2', 'AS Number Registration');
INSERT INTO `service_definition_new` VALUES ('34', '2', 'AS Number Renewal');
INSERT INTO `service_definition_new` VALUES ('35', '2', 'IP Address v4');
INSERT INTO `service_definition_new` VALUES ('36', '2', 'IP Address v6');
INSERT INTO `service_definition_new` VALUES ('37', '2', 'BGP Setting');
INSERT INTO `service_definition_new` VALUES ('38', '2', 'PRTG');
INSERT INTO `service_definition_new` VALUES ('39', '3', 'Data Recovery Plan');
INSERT INTO `service_definition_new` VALUES ('40', '3', 'Business Continuity Plan');
INSERT INTO `service_definition_new` VALUES ('41', '3', 'Disaster Recovery Center');
INSERT INTO `service_definition_new` VALUES ('42', '3', '3rd Party Rack Co-Location');
INSERT INTO `service_definition_new` VALUES ('43', '3', 'NDC Full Rack Co-Location (42U)');
INSERT INTO `service_definition_new` VALUES ('44', '3', 'NDC Half Rack Co-Location  (21U)');
INSERT INTO `service_definition_new` VALUES ('45', '3', 'NDC 4U Rack Co-Location ');
INSERT INTO `service_definition_new` VALUES ('46', '3', 'NDC 2U Rack Co-Location ');
INSERT INTO `service_definition_new` VALUES ('47', '3', 'Rack Space (m2) Co-Location');
INSERT INTO `service_definition_new` VALUES ('48', '3', 'Custom Rack Co-Location (>42U)');
INSERT INTO `service_definition_new` VALUES ('49', '3', 'Custom Cage for Rack Co-Location');
INSERT INTO `service_definition_new` VALUES ('50', '3', 'Custom Cage under raised floor');
INSERT INTO `service_definition_new` VALUES ('51', '3', 'Interconnection');
INSERT INTO `service_definition_new` VALUES ('52', '3', 'Cross-Connect MMR to Rack Server');
INSERT INTO `service_definition_new` VALUES ('53', '3', 'Cross Connect Between Colocation Rack');
INSERT INTO `service_definition_new` VALUES ('54', '3', 'Cross-Connect Between Colocation Rooms');
INSERT INTO `service_definition_new` VALUES ('55', '3', 'Power Upgrade');
INSERT INTO `service_definition_new` VALUES ('56', '3', 'Excees Usage Electricity (Ampere)');
INSERT INTO `service_definition_new` VALUES ('57', '3', 'Sewa Shaft Kabel');
INSERT INTO `service_definition_new` VALUES ('58', '3', 'Roof Top Leased Space ');
INSERT INTO `service_definition_new` VALUES ('59', '3', 'Roof Top Antenna Pole');
INSERT INTO `service_definition_new` VALUES ('60', '3', 'Ground Antenna Leased Space');
INSERT INTO `service_definition_new` VALUES ('61', '3', 'Monthly Locker Cabinet Rent');
INSERT INTO `service_definition_new` VALUES ('62', '3', 'Remote Hand');
INSERT INTO `service_definition_new` VALUES ('63', '3', 'Smart Hand');
INSERT INTO `service_definition_new` VALUES ('64', '3', 'Rack Installation ');
INSERT INTO `service_definition_new` VALUES ('65', '3', 'Customer Equipment Installation');
INSERT INTO `service_definition_new` VALUES ('66', '3', 'DC Professional Consultant & Design');
INSERT INTO `service_definition_new` VALUES ('67', '3', 'New DC Project Professional Service');
INSERT INTO `service_definition_new` VALUES ('68', '4', 'Tower Construction & Deployment');
INSERT INTO `service_definition_new` VALUES ('69', '4', 'MCP Construction & Deployment');
INSERT INTO `service_definition_new` VALUES ('70', '4', 'Monthly Tower Rent');
INSERT INTO `service_definition_new` VALUES ('71', '4', 'Tower Antenna Leased Space');
INSERT INTO `service_definition_new` VALUES ('72', '4', 'BTS Backhaul Pole (MCP)');
INSERT INTO `service_definition_new` VALUES ('73', '4', 'Indoor Distribution Antenna System');
INSERT INTO `service_definition_new` VALUES ('74', '4', 'Shelter co-location (2U)');
INSERT INTO `service_definition_new` VALUES ('75', '4', 'Antenna System');
INSERT INTO `service_definition_new` VALUES ('76', '4', 'Antenna Pole');
INSERT INTO `service_definition_new` VALUES ('77', '4', 'Tower Preventive Maintenance');
INSERT INTO `service_definition_new` VALUES ('78', '4', 'Listrik');
INSERT INTO `service_definition_new` VALUES ('79', '4', 'Additional Monitoring Service (sensor)');
INSERT INTO `service_definition_new` VALUES ('80', '5', 'IPv6');
INSERT INTO `service_definition_new` VALUES ('81', '5', 'IP-PUBLIC Dynamic (IPv4)');
INSERT INTO `service_definition_new` VALUES ('82', '5', 'IP-PUBLIC Static  (IPv4)');
INSERT INTO `service_definition_new` VALUES ('83', '5', 'Domain (DNS)');
INSERT INTO `service_definition_new` VALUES ('84', '5', 'Dynamic Domain (DDNS)');
INSERT INTO `service_definition_new` VALUES ('85', '5', 'SSL-Certificates');
INSERT INTO `service_definition_new` VALUES ('86', '5', 'SMTP Relay ');
INSERT INTO `service_definition_new` VALUES ('87', '5', 'Mail Security');
INSERT INTO `service_definition_new` VALUES ('88', '5', 'MORA Hosting');
INSERT INTO `service_definition_new` VALUES ('89', '5', 'NET Hosting');
INSERT INTO `service_definition_new` VALUES ('90', '5', 'VPS');
INSERT INTO `service_definition_new` VALUES ('91', '5', 'Oxygen Cloud (Public)');
INSERT INTO `service_definition_new` VALUES ('92', '5', 'Mora Cloud (Private)');
INSERT INTO `service_definition_new` VALUES ('93', '5', 'Cloud Migration Service');
INSERT INTO `service_definition_new` VALUES ('94', '5', 'IPv6');
INSERT INTO `service_definition_new` VALUES ('95', '5', 'IP-PUBLIC Dynamic (IPv4)');
INSERT INTO `service_definition_new` VALUES ('96', '5', 'IP-PUBLIC Static  (IPv4)');
INSERT INTO `service_definition_new` VALUES ('97', '5', 'Domain (DNS)');
INSERT INTO `service_definition_new` VALUES ('98', '5', 'Dynamic Domain (DDNS)');
INSERT INTO `service_definition_new` VALUES ('99', '5', 'SSL-Certificates');
INSERT INTO `service_definition_new` VALUES ('100', '5', 'SMTP Relay ');
INSERT INTO `service_definition_new` VALUES ('101', '5', 'Mail Security');
INSERT INTO `service_definition_new` VALUES ('102', '5', 'MORA Hosting');
INSERT INTO `service_definition_new` VALUES ('103', '5', 'NET Hosting');
INSERT INTO `service_definition_new` VALUES ('104', '5', 'VPS');
INSERT INTO `service_definition_new` VALUES ('105', '5', 'Oxygen Cloud (Public)');
INSERT INTO `service_definition_new` VALUES ('106', '5', 'Mora Cloud (Private)');
INSERT INTO `service_definition_new` VALUES ('107', '5', 'Cloud Migration Service');
INSERT INTO `service_definition_new` VALUES ('108', '7', 'OXYGENERS CHANNEL (IPTV)');
INSERT INTO `service_definition_new` VALUES ('109', '7', 'OXYGEN TV ADV');
INSERT INTO `service_definition_new` VALUES ('110', '7', 'DIGITAL ADV');
INSERT INTO `service_definition_new` VALUES ('111', '7', 'SMART DIGITAL ADV');
INSERT INTO `service_definition_new` VALUES ('112', '7', 'VIDEO CONFERENCE');
INSERT INTO `service_definition_new` VALUES ('113', '7', 'SMART CONFERENCE BOARD ');
INSERT INTO `service_definition_new` VALUES ('114', '7', 'KIOSK');
INSERT INTO `service_definition_new` VALUES ('115', '7', 'SMART KIOSK');
INSERT INTO `service_definition_new` VALUES ('116', '7', 'IP-CAMERA');
INSERT INTO `service_definition_new` VALUES ('117', '7', 'SMART IP-CAMERA');
INSERT INTO `service_definition_new` VALUES ('118', '7', 'SMART ADVANCED IP-CAMERA');
INSERT INTO `service_definition_new` VALUES ('119', '7', 'SIP PHONE');
INSERT INTO `service_definition_new` VALUES ('120', '7', 'SIP TRUNK');
INSERT INTO `service_definition_new` VALUES ('121', '7', 'IP-PBX');
INSERT INTO `service_definition_new` VALUES ('122', '7', 'VIRTUAL IP-PBX');
INSERT INTO `service_definition_new` VALUES ('123', '7', 'GSM GATEWAY');
INSERT INTO `service_definition_new` VALUES ('124', '7', '4G BULK DATA');
INSERT INTO `service_definition_new` VALUES ('125', '7', 'CALL CENTER');
INSERT INTO `service_definition_new` VALUES ('126', '7', 'CHATBOT ASSISTANT');
INSERT INTO `service_definition_new` VALUES ('127', '7', 'IoT');
INSERT INTO `service_definition_new` VALUES ('128', '6', 'Oxygen Access Manager');
INSERT INTO `service_definition_new` VALUES ('129', '6', 'LAN Managed Services');
INSERT INTO `service_definition_new` VALUES ('130', '6', 'WiFi Managed Services');
INSERT INTO `service_definition_new` VALUES ('131', '6', 'SD-WAN Managed Services');
INSERT INTO `service_definition_new` VALUES ('132', '6', 'IP-PBX Managed Services');
INSERT INTO `service_definition_new` VALUES ('133', '6', 'Security Managed Service');
INSERT INTO `service_definition_new` VALUES ('134', '6', 'IPTV Managed Services');
INSERT INTO `service_definition_new` VALUES ('135', '6', 'Hospitality IPTV Managed Services');
INSERT INTO `service_definition_new` VALUES ('136', '6', 'IoT managed Services');
INSERT INTO `service_definition_new` VALUES ('137', '6', 'CLOUD NVR MANAGED SERVICES');
INSERT INTO `service_definition_new` VALUES ('138', '8', 'Sistem Percepatan Pelayanan Surat Elektronik (SP2SE)');

-- ----------------------------
-- Table structure for service_group
-- ----------------------------
DROP TABLE IF EXISTS `service_group`;
CREATE TABLE `service_group` (
  `id` int(10) unsigned NOT NULL AUTO_INCREMENT,
  `group_name` varchar(100) NOT NULL,
  PRIMARY KEY (`id`)
) ENGINE=InnoDB AUTO_INCREMENT=11 DEFAULT CHARSET=latin1;

-- ----------------------------
-- Records of service_group
-- ----------------------------
INSERT INTO `service_group` VALUES ('1', 'Internet Burstable');
INSERT INTO `service_group` VALUES ('2', 'Internet Dedicated');
INSERT INTO `service_group` VALUES ('3', 'Internasional Link');
INSERT INTO `service_group` VALUES ('4', 'Internet Exchange');
INSERT INTO `service_group` VALUES ('5', 'Domestic Link');
INSERT INTO `service_group` VALUES ('6', 'Data Center');
INSERT INTO `service_group` VALUES ('7', 'BTS Rent');
INSERT INTO `service_group` VALUES ('8', 'Cloud Service');
INSERT INTO `service_group` VALUES ('9', 'Additional Product');

-- ----------------------------
-- Table structure for service_group_new
-- ----------------------------
DROP TABLE IF EXISTS `service_group_new`;
CREATE TABLE `service_group_new` (
  `id` int(10) unsigned NOT NULL AUTO_INCREMENT,
  `group_name` varchar(100) NOT NULL,
  PRIMARY KEY (`id`)
) ENGINE=InnoDB AUTO_INCREMENT=11 DEFAULT CHARSET=latin1;

-- ----------------------------
-- Records of service_group_new
-- ----------------------------
INSERT INTO `service_group_new` VALUES ('1', 'TRANSPORT');
INSERT INTO `service_group_new` VALUES ('2', 'INTERNET');
INSERT INTO `service_group_new` VALUES ('3', 'DATA CENTER');
INSERT INTO `service_group_new` VALUES ('4', 'TOWER');
INSERT INTO `service_group_new` VALUES ('5', 'CLOUD & HOSTING');
INSERT INTO `service_group_new` VALUES ('6', 'MANAGED SERVICES');
INSERT INTO `service_group_new` VALUES ('7', 'MULTIMEDIA');
INSERT INTO `service_group_new` VALUES ('8', 'APPLICATION');
INSERT INTO `service_group_new` VALUES ('9', 'LKPP');

-- ----------------------------
-- Table structure for srf
-- ----------------------------
DROP TABLE IF EXISTS `srf`;
CREATE TABLE `srf` (
  `id` int(10) unsigned NOT NULL AUTO_INCREMENT,
  `input_date` date DEFAULT NULL,
  `srf_number` varchar(200) NOT NULL,
  `srf_identifier` int(10) DEFAULT NULL,
  `po_number` varchar(200) DEFAULT NULL,
  `bp_number` varchar(50) DEFAULT NULL,
  `fcustomer_id` int(10) unsigned DEFAULT NULL,
  `customer_id` varchar(50) DEFAULT NULL,
  `user_id` int(10) unsigned DEFAULT NULL,
  `customer_classification` varchar(50) DEFAULT NULL,
  `customer_status` varchar(50) DEFAULT NULL,
  `customer_type` varchar(50) DEFAULT NULL,
  `number_of_node` varchar(50) DEFAULT NULL,
  `market_segment` varchar(255) DEFAULT NULL,
  `business_line` varchar(255) DEFAULT NULL,
  `scale` varchar(50) DEFAULT NULL,
  `coverage_status` varchar(50) DEFAULT NULL,
  `correspondence_building_name` varchar(250) DEFAULT NULL,
  `correspondence_floor_block` varchar(50) DEFAULT NULL,
  `correspondence_address` text,
  `correspondence_subdistrict` varchar(250) DEFAULT NULL,
  `correspondence_district` varchar(250) DEFAULT NULL,
  `correspondence_city` varchar(250) DEFAULT NULL,
  `correspondence_state` varchar(255) DEFAULT NULL,
  `correspondence_zip_code` varchar(20) DEFAULT NULL,
  `billing_building_name` varchar(250) DEFAULT NULL,
  `billing_floor_block` varchar(50) DEFAULT NULL,
  `billing_address` text,
  `billing_subdistrict` varchar(250) DEFAULT NULL,
  `billing_district` varchar(250) DEFAULT NULL,
  `billing_city` varchar(250) DEFAULT NULL,
  `billing_state` varchar(255) DEFAULT NULL,
  `billing_zip_code` varchar(20) DEFAULT NULL,
  `type_of_order` varchar(50) DEFAULT NULL,
  `service_purpose` varchar(50) DEFAULT NULL,
  `temporary_service` varchar(50) DEFAULT NULL,
  `service_status` varchar(50) DEFAULT NULL,
  `service_owner` varchar(50) DEFAULT NULL,
  `protocol` varchar(50) DEFAULT NULL,
  `connection_method` varchar(50) DEFAULT NULL,
  `media` varchar(50) DEFAULT NULL,
  `media_detail` varchar(50) DEFAULT NULL,
  `interface` varchar(50) DEFAULT NULL,
  `rfs_date` date DEFAULT NULL,
  `end_temp_service` date DEFAULT NULL,
  `service_remark` text,
  `additional_service_remark` text,
  `notes` text,
  `created_date` timestamp NOT NULL DEFAULT CURRENT_TIMESTAMP ON UPDATE CURRENT_TIMESTAMP,
  `customer_name` varchar(250) DEFAULT NULL,
  `created_by` varchar(255) DEFAULT NULL,
  `department` varchar(255) DEFAULT NULL,
  `position` varchar(255) DEFAULT NULL,
  `mobile_phone` varchar(255) DEFAULT NULL,
  PRIMARY KEY (`id`)
) ENGINE=InnoDB AUTO_INCREMENT=27 DEFAULT CHARSET=latin1;

-- ----------------------------
-- Records of srf
-- ----------------------------
INSERT INTO `srf` VALUES ('24', '2020-01-29', '00014/SRF/01/2020', '14', '115998', '2015/06/BP/OTH/00008/0', '3201', '3201', '32', 'VVIP', 'Existing Customer', 'Corporate', null, 'ENTERPRISE - GBO', 'ISP', '>1000 User', null, 'Test E', 'Test E', 'Test E', 'Test E', 'Test E', 'Test E', 'Test E', 'Test E', 'Test E', 'Test E', 'Test E', 'Test E', 'Test E', 'Test E', 'Test E', 'Test E', null, null, null, null, null, null, null, null, null, null, '1970-01-01', null, null, null, 'test 678', '2020-01-29 05:25:21', null, null, null, null, null);
INSERT INTO `srf` VALUES ('25', '2020-01-31', '00015/SRF/01/2020', '15', '115975', '2015/06/BP/OTH/00016/0', '5682', '5682', '32', 'VVIP', 'Existing Customer', 'Corporate', null, 'TELCO', 'TELCO OPERATOR', '<50 User', null, 'a', 'a', 'a', 'a', 'a', 'a', 'a', 'a', 'b', 'b', 'b', 'b', 'bb', 'b', 'b', 'b', null, null, null, null, null, null, null, null, null, null, '1970-01-01', null, null, null, 'testtttt', '2020-01-31 06:01:51', null, null, null, null, null);
INSERT INTO `srf` VALUES ('26', '2020-01-31', '00016/SRF/01/2020', '16', '115998', '2015/06/BP/OTH/00010/0', '3201', '3201', '32', 'Platinum', 'Existing Customer', 'Corporate', null, 'ENTERPRISE - GBO', 'ISP', '501 - 1000 User', null, 'Test', 'Test', 'Test', 'Test', 'Test', 'Test', 'Test', 'Test', 'Test', 'Test', 'Test', 'Test', 'Test', 'Test', 'Test', 'Test', null, null, null, null, null, null, null, null, null, null, '1970-01-01', null, null, null, 'Additional Notes', '2020-01-31 13:16:30', null, null, null, null, null);

-- ----------------------------
-- Table structure for srf_corporate_detail
-- ----------------------------
DROP TABLE IF EXISTS `srf_corporate_detail`;
CREATE TABLE `srf_corporate_detail` (
  `id` int(10) unsigned NOT NULL AUTO_INCREMENT,
  `srf_id` int(10) DEFAULT NULL,
  `customer_id` int(10) DEFAULT NULL,
  `name` varchar(255) DEFAULT NULL,
  `organization_level` varchar(100) DEFAULT NULL,
  `building_name` varchar(100) DEFAULT NULL,
  `address` text,
  `subdistrict` varchar(100) DEFAULT NULL,
  `district` varchar(100) DEFAULT NULL,
  `city` varchar(100) DEFAULT NULL,
  `state` varchar(100) DEFAULT NULL,
  `zip_code` varchar(100) DEFAULT NULL,
  `npwp` varchar(200) DEFAULT NULL,
  `siup` varchar(200) DEFAULT NULL,
  `category` varchar(200) DEFAULT NULL,
  `company_phone` varchar(200) DEFAULT NULL,
  `fax` varchar(200) DEFAULT NULL,
  `web` varchar(200) DEFAULT NULL,
  `director_name` varchar(250) DEFAULT NULL,
  `director_email` varchar(250) DEFAULT NULL,
  `director_company_phone` varchar(100) DEFAULT NULL,
  `director_ext` varchar(20) DEFAULT NULL,
  `director_hp` varchar(50) DEFAULT NULL,
  `commercial_pic_name` varchar(100) DEFAULT NULL,
  `commercial_pic_email` varchar(100) DEFAULT NULL,
  `commercial_pic_job` varchar(200) DEFAULT NULL,
  `commercial_pic_company_phone` varchar(200) DEFAULT NULL,
  `commercial_pic_ext` varchar(200) DEFAULT NULL,
  `commercial_pic_hp` varchar(200) DEFAULT NULL,
  `technical_pic_name` varchar(100) DEFAULT NULL,
  `technical_pic_email` varchar(100) DEFAULT NULL,
  `technical_pic_job` varchar(250) DEFAULT NULL,
  `technical_pic_company_phone` varchar(200) DEFAULT NULL,
  `technical_pic_ext` varchar(200) DEFAULT NULL,
  `technical_pic_hp` varchar(200) DEFAULT NULL,
  `created_date` timestamp NULL DEFAULT CURRENT_TIMESTAMP ON UPDATE CURRENT_TIMESTAMP,
  PRIMARY KEY (`id`)
) ENGINE=InnoDB AUTO_INCREMENT=22 DEFAULT CHARSET=latin1;

-- ----------------------------
-- Records of srf_corporate_detail
-- ----------------------------
INSERT INTO `srf_corporate_detail` VALUES ('1', '2', '1', null, 'Head Office', '', 'graha 9', 'jakarta', 'jakarta timur', 'dki jakarta', 'indonesia', '1111', '', '', 'Banking & Financing', '021811111', '', '', null, null, null, null, null, 'mura', 'mura@moratelindo.co.id', '-', '02181111', '11111', '11111', 'laras', 'larass@moratelindo.co.id', '-', '02181111', '1111', '1111', '2019-09-06 00:00:00');
INSERT INTO `srf_corporate_detail` VALUES ('2', '3', '12', null, 'Head Office', 'test', 'test', 'test', 'test', 'test', 'test', 'test', 'test', '', 'Telecommunication', 'test', '', '', null, null, null, null, null, 'test', 'test', 'test', 'test', 'test', 'test', 'test', 'test', 'test', 'test', 'test', 'test', '2019-10-04 00:00:00');
INSERT INTO `srf_corporate_detail` VALUES ('3', '4', '191003', null, 'Head Office', '', '-', '-', '-', '-', '-', '-', '', '', 'Gov, Mining, Oil & Gas', '-', '', '', null, null, null, null, null, '-', '-', '-', '-', '-', '-', '-', '-', '-', '-', '-', '-', '2019-11-20 00:00:00');
INSERT INTO `srf_corporate_detail` VALUES ('4', '5', '3237', null, '', '', 'Gedung Grha 9 Lt. 3, Jl. Panataran No. 9 Proklamasi', '', '', 'Jakarta Pusat', 'Indonesia', '', '', '', '', '', '', '', null, null, null, null, null, '', '', '', '', '', '', '', '', '', '', '', '', '2019-11-22 00:00:00');
INSERT INTO `srf_corporate_detail` VALUES ('5', '6', '3201', null, '', '', 'Gedung Grha 9 Lt. 1, Jl. Panataran No. 9', '1', '1', 'Jakarta', 'Indonesia', '1212', '', '', 'Wholesaler', '121212121', '', '', null, null, null, null, null, '1', '1', '1', '1', '1', '1', '1', '1', '1', '1', '1', '1', '2019-11-25 00:00:00');
INSERT INTO `srf_corporate_detail` VALUES ('6', '7', '196003', null, 'Head Office', '4232', 'Menara Karya 23rd floor Jl. H.R Rasuda Said  Block X-5, Kav 1-2', '423423', '423', 'Jakarta', '42342', '423423', '42323', '423423', 'Wholesaler', '234', '234', '234', null, null, null, null, null, '23423', 'abc@gmail.com', '423', '423', '423', '423', '234', '34', '432', '423', '4234', '42343', '2019-11-25 00:00:00');
INSERT INTO `srf_corporate_detail` VALUES ('7', '8', '3201', null, 'Head Office', '', 'Gedung Grha 9 Lt. 1, Jl. Panataran No. 9', '-', '-', 'Jakarta', 'Indonesia', '-', '', '', 'Gov, Mining, Oil & Gas', '-', '', '', null, null, null, null, null, 'Test', 'Test', 'Test', 'Test', 'Test', 'Test', 'Test', 'Test', 'Test', 'Test', 'Test', 'Test', '2019-12-13 00:00:00');
INSERT INTO `srf_corporate_detail` VALUES ('8', '9', '3236', null, 'Head Office', 'Dian Zalukhu', 'JL. Birah I No.8 Blok S Rawa Barat, Kebayoran Baru', 'Legowo', 'Lebih Legowo', 'Jakarta', 'Indonesia', '88888', '', '', 'Gov, Mining, Oil & Gas', '43423', '', '', null, null, null, null, null, 'Dian Anggi Zalukhu', 'dian.anggi@moratelindo.o.id', 'Suka', '0123121', '1231', '082132', 'Mura', 'mura@moratelinod.co.id', 'IT', '3423', '423', '342', '2019-12-20 00:00:00');
INSERT INTO `srf_corporate_detail` VALUES ('9', '10', '3236', null, 'Head Office', 'Dian Zalukhu', 'JL. Birah I No.8 Blok S Rawa Barat, Kebayoran Baru', 'Legowo', 'Lebih Legowo', 'Jakarta', 'Indonesia', '88888', '', '', 'Gov, Mining, Oil & Gas', '43423', '', '', null, null, null, null, null, 'Dian Anggi Zalukhu', 'dian.anggi@moratelindo.o.id', 'Suka', '0123121', '1231', '082132', 'Mura', 'mura@moratelinod.co.id', 'IT', '3423', '423', '342', '2019-12-20 00:00:00');
INSERT INTO `srf_corporate_detail` VALUES ('10', '12', '12', null, '', '', '', '', '', '', '', '', '', '', '', '', '', '', null, null, null, null, null, '', '', '', '', '', '', '', '', '', '', '', '', '2020-01-24 00:00:00');
INSERT INTO `srf_corporate_detail` VALUES ('11', '13', '12', null, '', '', '', '', '', '', '', '', '', '', '', '', '', '', null, null, null, null, null, '', '', '', '', '', '', '', '', '', '', '', '', '2020-01-24 00:00:00');
INSERT INTO `srf_corporate_detail` VALUES ('12', '14', '3201', null, 'Head Office', '1', 'Gedung Grha 9 Lt. 1, Jl. Panataran No. 9', '1', '1', 'Jakarta', 'Indonesia', '1', '', '', null, '1', '', '', null, null, null, null, null, '1', '1', '1', '1', '1', '1', '1', '1', '1', '1', '1', '1', '2020-01-24 00:00:00');
INSERT INTO `srf_corporate_detail` VALUES ('13', '15', '3201', null, 'Head Office', '1', 'Gedung Grha 9 Lt. 1, Jl. Panataran No. 9', '1', '1', 'Jakarta', 'Indonesia', '1', '', '', null, '1', '', '', null, null, null, null, null, '1', '1', '1', '1', '1', '1', '1', '1', '1', '1', '1', '1', '2020-01-24 00:00:00');
INSERT INTO `srf_corporate_detail` VALUES ('14', '16', '3201', null, 'Head Office', '1', 'Gedung Grha 9 Lt. 1, Jl. Panataran No. 9', '1', '1', 'Jakarta', 'Indonesia', '1', '', '', null, '1', '', '', null, null, null, null, null, '1', '1', '1', '1', '1', '1', '1', '1', '1', '1', '1', '1', '2020-01-24 00:00:00');
INSERT INTO `srf_corporate_detail` VALUES ('15', '20', '3201', null, 'Head Office', null, null, null, null, null, null, null, '', '', null, null, null, null, 'AAA', 'AAAA', 'AAAAA', 'AAAA', 'AAAA', 'BBBBBBBB', 'BBBBBBBB', 'BBBBBBBB', 'BBBBBBBB', 'BBBBBBBB', 'BBBBBBBB', 'BBBBBBBB', 'BBBBBBBB', 'BBBBBBBB', 'BBBBBBBB', 'BBBBBBBB', 'BBBBBBBB', '2020-01-28 00:00:00');
INSERT INTO `srf_corporate_detail` VALUES ('16', '21', '3201', 'PAKKODIAN', 'Head Office', null, null, null, null, null, null, null, '1212', '14141414', null, null, null, null, 'aaaaa', 'aaaaa', 'aaaaa', 'aaaaa', 'aaaaa', 'bbbbbb', 'bbbbbb', 'bbbbbb', 'bbbbbb', 'bbbbbb', 'bbbbbb', 'bbbbbb', 'bbbbbb', 'bbbbbb', 'bbbbbb', 'bbbbbb', 'bbbbbb', '2020-01-28 00:00:00');
INSERT INTO `srf_corporate_detail` VALUES ('17', '22', '3201', 'PAKKODIAN', '', null, null, null, null, null, null, null, '565', '112', null, null, null, null, 'Test A', 'Test B', '02187787878', '11', '11', 'Test C', 'Test C', 'Test C', 'Test C', '112', '112', 'Test D', 'Test D', 'Test D', 'Test D', '112', '121', '2020-01-29 00:00:00');
INSERT INTO `srf_corporate_detail` VALUES ('18', '23', '3201', 'PAKKODIAN', '', null, null, null, null, null, null, null, '565', '112', null, null, null, null, 'Test A', 'Test B', '02187787878', '11', '11', 'Test C', 'Test C', 'Test C', 'Test C', '112', '112', 'Test D', 'Test D', 'Test D', 'Test D', '112', '121', '2020-01-29 00:00:00');
INSERT INTO `srf_corporate_detail` VALUES ('19', '24', '3201', 'PAKKODIAN', 'Head Office', null, null, null, null, null, null, null, '565', '112', null, null, null, null, 'Test A', 'Test B', '02187787878', '11', '11', 'Test C', 'Test C', 'Test C', 'Test C', '112', '112', 'Test D', 'Test D', 'Test D', 'Test D', '112', '121', '2020-01-31 11:02:07');
INSERT INTO `srf_corporate_detail` VALUES ('20', '25', '5682', 'TOTAL INFO KHARISMA, PT', 'Head Office', null, null, null, null, null, null, null, '1212', '12121', null, null, null, null, 'Laras', 'laras@mail.com', '085730133016', '1', '1', '1', '1', '1', '1', '1', '1', '2', '3', '3', '3', '3', '3', '2020-01-31 00:00:00');
INSERT INTO `srf_corporate_detail` VALUES ('21', '26', '3201', 'PAKKODIAN', '', null, null, null, null, null, null, null, 'Test', 'Test', null, null, null, null, 'Test', 'Test', 'Test', 'Test', 'Test', 'Test', 'Test', 'Test', 'Test', 'Test', 'Test', 'Test', 'Test', 'Test', 'Test', 'Test', 'Test', '2020-01-31 00:00:00');

-- ----------------------------
-- Table structure for srf_group_service
-- ----------------------------
DROP TABLE IF EXISTS `srf_group_service`;
CREATE TABLE `srf_group_service` (
  `id` int(10) unsigned NOT NULL AUTO_INCREMENT,
  `srf_id` int(10) DEFAULT NULL,
  `service_group_id` int(10) DEFAULT NULL,
  PRIMARY KEY (`id`)
) ENGINE=InnoDB AUTO_INCREMENT=15 DEFAULT CHARSET=latin1;

-- ----------------------------
-- Records of srf_group_service
-- ----------------------------
INSERT INTO `srf_group_service` VALUES ('1', '1', '1');
INSERT INTO `srf_group_service` VALUES ('2', '2', '1');
INSERT INTO `srf_group_service` VALUES ('3', '2', '9');
INSERT INTO `srf_group_service` VALUES ('4', '3', '2');
INSERT INTO `srf_group_service` VALUES ('5', '4', '1');
INSERT INTO `srf_group_service` VALUES ('6', '5', '1');
INSERT INTO `srf_group_service` VALUES ('7', '6', '1');
INSERT INTO `srf_group_service` VALUES ('8', '6', '2');
INSERT INTO `srf_group_service` VALUES ('9', '7', '1');
INSERT INTO `srf_group_service` VALUES ('10', '8', '1');
INSERT INTO `srf_group_service` VALUES ('11', '9', '1');
INSERT INTO `srf_group_service` VALUES ('12', '10', '1');
INSERT INTO `srf_group_service` VALUES ('13', '11', '1');
INSERT INTO `srf_group_service` VALUES ('14', '11', '2');

-- ----------------------------
-- Table structure for srf_installation
-- ----------------------------
DROP TABLE IF EXISTS `srf_installation`;
CREATE TABLE `srf_installation` (
  `id` int(10) unsigned NOT NULL AUTO_INCREMENT,
  `srf_id` int(10) DEFAULT NULL,
  `interconnection_point` text,
  `address` text,
  `ne_site_id` varchar(200) NOT NULL,
  `ne_floor` varchar(255) DEFAULT NULL,
  `ne_address` text,
  `ne_subdistrict` varchar(200) NOT NULL,
  `ne_district` varchar(200) NOT NULL,
  `ne_city` varchar(100) NOT NULL,
  `ne_state` varchar(100) NOT NULL,
  `ne_zip_code` varchar(10) NOT NULL,
  `ne_latitude` varchar(10) NOT NULL,
  `ne_longitude` varchar(10) NOT NULL,
  `ne_by` varchar(10) NOT NULL,
  `fe_building_name` varchar(200) NOT NULL,
  `fe_floor` varchar(10) DEFAULT NULL,
  `fe_address` text,
  `fe_subdistrict` varchar(200) NOT NULL,
  `fe_district` varchar(200) NOT NULL,
  `fe_city` varchar(100) NOT NULL,
  `fe_state` varchar(100) NOT NULL,
  `fe_zip_code` varchar(10) NOT NULL,
  `fe_latitude` varchar(10) NOT NULL,
  `fe_longitude` varchar(10) NOT NULL,
  `fe_by` varchar(10) NOT NULL,
  `olt_coordinate` varchar(100) DEFAULT NULL,
  PRIMARY KEY (`id`)
) ENGINE=InnoDB AUTO_INCREMENT=23 DEFAULT CHARSET=latin1;

-- ----------------------------
-- Records of srf_installation
-- ----------------------------
INSERT INTO `srf_installation` VALUES ('1', '1', 'test', null, '', null, '', '', '', '', '', '', '', '', '', 'test', 'test', 'test', 'test', 'test', 'test', 'test', 'test', 'test', 'test', 'MTI', null);
INSERT INTO `srf_installation` VALUES ('2', '2', '', null, '', null, '', '', '', '', '', '', '', '', '', 'Graha 9', '5', 'Jalan Panataran no. 9', 'Jakarta Utara', 'Jakarta', 'DKI Jakarta', 'Indonesia', '1111', '-', '-', 'MTI', null);
INSERT INTO `srf_installation` VALUES ('3', '3', 'test', null, '', null, '', '', '', '', '', '', '', '', '', 'test', 'test', 'test', 'test', 'test', 'test', 'test', 'test', '106.845', '-6.203', 'MTI', 'OLT GRAHA 9');
INSERT INTO `srf_installation` VALUES ('4', '4', '', null, '', null, '', '', '', '', '', '', '', '', '', '-', '-', '-', '-', '-', '-', '-', '-', '106.845', '-6.203', 'MTI', 'OLT GRAHA 9');
INSERT INTO `srf_installation` VALUES ('5', '5', '', null, '', null, '', '', '', '', '', '', '', '', '', '', '', '', '', '', '', '', '', '', '', '', '');
INSERT INTO `srf_installation` VALUES ('6', '6', '', null, '', null, '', '', '', '', '', '', '', '', '', '1', '1', '1', '1', '1', '1', '1', '1', '2', '2', 'MTI', 'OLT Graha 9');
INSERT INTO `srf_installation` VALUES ('7', '7', '', null, '', null, '', '', '', '', '', '', '', '', '', '423', '423423', '42342', '4234', '23423', '423423', '423424', '423423', '106.845', '-6.203', 'MTI', 'OLT GRAHA 9');
INSERT INTO `srf_installation` VALUES ('8', '8', '', null, '', null, '', '', '', '', '', '', '', '', '', 'Test', 'Test', 'Test', 'Test', 'Test', 'Test', 'Test', 'Test', '106.845', '-6.203', 'MTI', 'OLT GRAHA 9');
INSERT INTO `srf_installation` VALUES ('9', '9', '', null, '', null, '', '', '', '', '', '', '', '', 'MTI', 'Mora', '342423', '342423', '423423', '43242', '43242', '23424', '4324', '106.851', '-6.22508', 'MTI', 'OLT Tebet (Cervino)');
INSERT INTO `srf_installation` VALUES ('10', '10', '', null, '', null, '', '', '', '', '', '', '', '', 'MTI', 'Mora', '342423', '342423', '423423', '43242', '43242', '23424', '4324', '106.851', '-6.22508', 'MTI', 'OLT Tebet (Cervino)');
INSERT INTO `srf_installation` VALUES ('11', '11', '', null, '', null, '', '', '', '', '', '', '', '', '', '5', '5', '5', '5', '5', '5', '5', '5', '106.845', '-6.203', 'MTI', 'OLT GRAHA 9');
INSERT INTO `srf_installation` VALUES ('12', '12', 'test', null, '', null, '', '', '', '', '', '', '', '', '', '', '', '', '', '', '', '', '', '', '', '', '');
INSERT INTO `srf_installation` VALUES ('13', '13', '', null, '', null, '', '', '', '', '', '', '', '', '', '', '', '', '', '', '', '', '', '', '', '', '');
INSERT INTO `srf_installation` VALUES ('14', '14', '', null, '', null, '', '', '', '', '', '', '', '', '', '', '', '', '', '', '', '', '', '', '', '', '');
INSERT INTO `srf_installation` VALUES ('15', '15', '', null, '', null, '', '', '', '', '', '', '', '', '', '', '', '', '', '', '', '', '', '', '', '', '');
INSERT INTO `srf_installation` VALUES ('16', '16', '', null, '', null, '', '', '', '', '', '', '', '', '', '', '', '', '', '', '', '', '', '', '', '', '');
INSERT INTO `srf_installation` VALUES ('17', '20', '', null, '', null, '', '', '', '', '', '', '', '', '', 'AAAAA', 'AAAAA', 'AAAAA', 'AAAAA', 'AAAAA', 'AAAAA', 'AAAAA', 'AAAAA', 'AAAAA', 'AAAAA', 'MTI', 'AAAAA');
INSERT INTO `srf_installation` VALUES ('18', '21', '', null, '', null, '', '', '', '', '', '', '', '', '', 'wwwwwwwwww', 'wwwwwwwwww', 'wwwwwwwwww', 'wwwwwwwwww', 'wwwwwwwwww', 'wwwwwwwwww', 'wwwwwwwwww', 'wwwwwwwwww', 'wwwwwwwwww', 'wwwwwwwwww', 'MTI', 'wwwwwwwwww');
INSERT INTO `srf_installation` VALUES ('19', '24', 'MTI POP', null, '122', null, 'test 4', 'test 4', 'test 4', 'test 4', 'test 4', 'test 4', 'test 4', 'test 4', '', 'test 4', 'test 4', 'test 4', 'test 4', 'test 4', 'test 4', 'test 4', 'test 4', 'test 4', 'test 4', '', 'test 4');
INSERT INTO `srf_installation` VALUES ('20', '24', '3rd PARTY TOWER', null, 'test 5', null, 'test 5', 'test 5', 'test 5', 'test 5', 'test 5', 'test 5', 'test 5', 'test 5', '', 'test 5', 'test 5', 'test 5', 'test 5', 'test 5', 'test 5', 'test 5', 'test 5', 'test 5', 'test 5', '', 'test 5');
INSERT INTO `srf_installation` VALUES ('21', '25', '3rd PARTY DATA CENTER', 'Graha 9 Jalan Penataran No. 9, Menteng', 'Site A', '1', 'Graha 9 Jalan Penataran No. 9, Menteng', '2', '2', 'Jakarta Timur', 'Jakarta', '13810', '2', '2', '', 'Site B', '2', 'Graha 9 Jalan Penataran No. 9, Menteng', '2', '2', '3', 'Jakarta', '13810', '2', '2', '', 'OLT GRAHA 9');
INSERT INTO `srf_installation` VALUES ('22', '26', 'MTI DATA CENTER', 'Graha 9 Jalan Penataran No. 9, Menteng', 'Test', 'Test', 'Graha 9 Jalan Penataran No. 9, Menteng', 'Test', 'Test', 'Jakarta Timur', 'Jakarta', '13810', 'Test', 'Test', '', 'Test', 'Test', 'Graha 9 Jalan Penataran No. 9, Menteng', 'Test', 'Test', 'Test', 'Test', 'Test', 'Test', 'Test', '', 'Test');

-- ----------------------------
-- Table structure for srf_multiple_service
-- ----------------------------
DROP TABLE IF EXISTS `srf_multiple_service`;
CREATE TABLE `srf_multiple_service` (
  `id` int(10) unsigned NOT NULL AUTO_INCREMENT,
  `srf_id` int(10) unsigned DEFAULT NULL,
  `service_group_id` varchar(50) DEFAULT NULL,
  `product_subclassification` varchar(50) DEFAULT NULL,
  `service_id` varchar(50) DEFAULT NULL,
  `capacity` varchar(50) DEFAULT NULL,
  `uom` varchar(50) DEFAULT NULL,
  `type_of_order` varchar(100) DEFAULT NULL,
  `billing_type` varchar(100) DEFAULT NULL,
  `type_service` varchar(100) DEFAULT NULL,
  `service_purpose` varchar(200) DEFAULT NULL,
  `service_status` varchar(200) DEFAULT NULL,
  `service_owner` varchar(250) DEFAULT NULL,
  `sla` varchar(20) DEFAULT NULL,
  `sla_restitution` varchar(20) DEFAULT NULL,
  `rfs_date` date DEFAULT NULL,
  `end_temp_service` date DEFAULT NULL,
  `duration_contract` int(10) unsigned DEFAULT NULL,
  `service_layer` int(10) unsigned DEFAULT NULL,
  `media` varchar(250) DEFAULT NULL,
  `interface_connection` varchar(250) DEFAULT NULL,
  `connection_method` varchar(250) DEFAULT NULL,
  `protocol_technology` varchar(250) DEFAULT NULL,
  `cpe_equipment` varchar(250) DEFAULT NULL,
  `backbone_protection` varchar(250) DEFAULT NULL,
  `access_protection` varchar(250) DEFAULT NULL,
  `lastmile_protection` varchar(250) DEFAULT NULL,
  `equipment_protection` varchar(250) DEFAULT NULL,
  `security_protection` varchar(250) DEFAULT NULL,
  `other_protection` varchar(250) DEFAULT NULL,
  `monitoring_tools` varchar(250) DEFAULT NULL,
  `service_managed_by` varchar(250) DEFAULT NULL,
  `billing_by` varchar(250) DEFAULT NULL,
  `lastmile_by` varchar(250) DEFAULT NULL,
  `cpe_by` varchar(250) DEFAULT NULL,
  `address_id` int(11) DEFAULT NULL,
  PRIMARY KEY (`id`)
) ENGINE=InnoDB AUTO_INCREMENT=13 DEFAULT CHARSET=latin1;

-- ----------------------------
-- Records of srf_multiple_service
-- ----------------------------
INSERT INTO `srf_multiple_service` VALUES ('1', '15', '3', 'DOMESTIC LINK', '41', '1', 'Core', null, 'No Charged', 'PERMANENT', 'FIXED RECURRING SERVICE', 'BACK-UP SERVICE', '3rd PARTY', '95.50%', null, '2020-06-01', '1970-01-01', '1', '2', 'COAXIAL', 'SC,LC,FC (PATCHCORD)', null, 'DWDM', 'CCTV / IP-CAMERA', 'TRIPLE LINK', '3rd PARTY LINK', 'TRIPLE LINK', 'ACTIVE-PASSIVE REDUNDANT', 'FIREWALL', 'REMOTE HAND', 'NOT AVAILABLE', 'MORATELINDO', 'CUSTOMER', 'MORATELINDO', 'MORATELINDO', null);
INSERT INTO `srf_multiple_service` VALUES ('2', '15', '3', 'DOMESTIC LINK', '41', '1', '333', 'NEW', '', 'PERMANENT', 'BANDWIDTH ON DEMAND', 'BACK-UP SERVICE', '3rd PARTY', '97.50%', null, '2020-01-02', '2020-01-02', '6', '5', 'FIBER OPTIC', 'RJ11', null, 'SDH', 'STB', 'DOUBLE LINK', 'DOUBLE LINK', '3rd PARTY LINK', 'NO PROTECTION', 'DDOS', 'REMOTE HAND', 'NOT AVAILABLE', 'MORATELINDO', 'CUSTOMER', 'MORATELINDO', 'CUSTOMER', null);
INSERT INTO `srf_multiple_service` VALUES ('3', '16', '3', 'DOMESTIC LINK', '41', '1', 'Core', null, 'No Charged', 'PERMANENT', 'FIXED RECURRING SERVICE', 'BACK-UP SERVICE', '3rd PARTY', '95.50%', 'APPLIED', '2020-06-01', '1970-01-01', '1', '2', 'COAXIAL', 'SC,LC,FC (PATCHCORD)', 'PPPOE', 'DWDM', 'CCTV / IP-CAMERA', 'TRIPLE LINK', '3rd PARTY LINK', 'TRIPLE LINK', 'ACTIVE-PASSIVE REDUNDANT', 'FIREWALL', 'REMOTE HAND', 'NOT AVAILABLE', 'MORATELINDO', 'CUSTOMER', 'MORATELINDO', 'MORATELINDO', null);
INSERT INTO `srf_multiple_service` VALUES ('4', '16', '3', 'DOMESTIC LINK', '41', '1', '333', 'NEW', '', 'PERMANENT', 'BANDWIDTH ON DEMAND', 'BACK-UP SERVICE', '3rd PARTY', '97.50%', 'APPLIED', '2020-01-02', '2020-01-02', '6', '5', 'FIBER OPTIC', 'RJ11', 'PPPOE', 'SDH', 'STB', 'DOUBLE LINK', 'DOUBLE LINK', '3rd PARTY LINK', 'NO PROTECTION', 'DDOS', 'REMOTE HAND', 'NOT AVAILABLE', 'MORATELINDO', 'CUSTOMER', 'MORATELINDO', 'CUSTOMER', null);
INSERT INTO `srf_multiple_service` VALUES ('5', '20', '2', 'IP TRANSIT', '20', '12', 'Kbps', null, 'Charged', 'PERMANENT', 'TEMPORARY TRIAL', '2nd BACK-UP SERVICE', '3rd PARTY', '96.50%', 'APPLIED', '2020-09-01', '2020-06-01', '5', '4', 'RADIO MICROWAVE', 'SC,LC,FC (PATCHCORD)', 'VLAN', 'GPON', 'MINI HEADEND', 'ASON - SNCP', '3rd PARTY LINK', 'NO PROTECTION', 'ACTIVE-ACTIVE REDUNDANT', 'ENCRYPTION', 'CLOUD BACK-UP', 'MRTG & PRTG', 'CUSTOMER', 'CUSTOMER', 'CUSTOMER', 'CUSTOMER', null);
INSERT INTO `srf_multiple_service` VALUES ('6', '20', '3', 'IP TRANSIT', '43', '120', 'GB', 'NEW', 'Charged', 'TEMPORARY', 'POC', 'BACK-UP SERVICE', '3rd PARTY', '97%', 'APPLIED', '2020-02-01', '2020-06-01', '5', '5', 'VSAT', 'SC,LC,FC (PATCHCORD)', 'VPN', 'GPON', 'MINI HEADEND', 'ASON - SNCP', 'DOUBLE LINK', 'TRIPLE LINK', 'ACTIVE-ACTIVE REDUNDANT', 'FIREWALL', 'REMOTE HAND', 'NOT AVAILABLE', 'CUSTOMER', 'CUSTOMER', 'MORATELINDO', 'CUSTOMER', null);
INSERT INTO `srf_multiple_service` VALUES ('7', '21', '1', 'DOMESTIC LINK', '3', '1221', 'Kbps', null, 'Charged', 'PERMANENT', 'TEMPORARY TRIAL', 'BACK-UP SERVICE', 'MORATELINDO', '97%', 'APPLIED', '2020-01-01', '2020-02-05', '2', '5', 'RADIO MICROWAVE', 'SC,LC,FC (PATCHCORD)', 'VPN', 'DWDM', 'MINI HEADEND', 'SINGLE LINK', '3rd PARTY LINK', 'DOUBLE LINK', 'ACTIVE-PASSIVE REDUNDANT', 'DDOS', 'REMOTE HAND', 'NOT AVAILABLE', 'CUSTOMER', 'CUSTOMER', 'CUSTOMER', 'CUSTOMER', null);
INSERT INTO `srf_multiple_service` VALUES ('8', '21', '5', 'DEDICATED INTERNET', '84', '44', 'Gbps', 'RELOCATION', 'Charged', 'PERMANENT', 'FIXED RECURRING SERVICE', 'MAIN SERVICE', 'MORATELINDO', '96.50%', 'APPLIED', '1970-01-01', '1970-01-01', '2', '2', 'FIBER OPTIC', 'SFP, SFP+, XFP (OPTICAL)', 'VPN', 'GPON', 'MINI HEADEND', 'ASON - SNCP', 'SINGLE LINK', 'DOUBLE LINK', 'ACTIVE-PASSIVE REDUNDANT', 'DDOS', 'CLOUD BACK-UP', 'OXYGEN SELFCARE', 'CUSTOMER', 'BUILDING MANAGEMENT', 'CUSTOMER', 'CUSTOMER', null);
INSERT INTO `srf_multiple_service` VALUES ('9', '24', '2', 'INTERNATIONAL LINK', '18', '12', 'Kbps', null, 'Charged', 'PERMANENT', 'FIXED RECURRING SERVICE', 'BACK-UP SERVICE', 'MORATELINDO', '95%', 'NOT APPLIED', '2020-08-01', '1970-01-01', '3', '2', 'COAXIAL', 'HDMI', 'PPPOE', 'SDH', 'IP-PBX', 'DOUBLE LINK', 'NO PROTECTION', 'NO PROTECTION', 'NO PROTECTION', 'DDOS', 'DRC', 'NOT AVAILABLE', '3rd PARTY', 'MORATELINDO', 'CUSTOMER', 'MORATELINDO', '19');
INSERT INTO `srf_multiple_service` VALUES ('10', '24', '3', 'DOMESTIC LINK', '43', '77', 'Gbps', 'DOWNGRADE', 'No Charged', 'PERMANENT', 'FIXED RECURRING SERVICE', '2nd BACK-UP SERVICE', 'MORATELINDO', '97%', 'NOT APPLIED', '1970-01-01', '2020-06-01', '4', '1', 'COAXIAL', 'SC,LC,FC (PATCHCORD)', 'BGP', 'EoSDH', 'IP-PBX', '3rd PARTY LINK', '3rd PARTY LINK', 'TRIPLE LINK', 'NO PROTECTION', 'DDOS', 'DRC', 'MRTG', 'CUSTOMER', 'MORATELINDO', 'CUSTOMER', 'MORATELINDO', '20');
INSERT INTO `srf_multiple_service` VALUES ('11', '25', '1', 'INTERNATIONAL LINK', '2', '2323', 'Core', null, 'Charged', 'PERMANENT', 'EVENT', '2nd BACK-UP SERVICE', 'MORATELINDO', '99.98%', 'APPLIED', '1970-01-01', '1970-01-01', '1', '3', 'VSAT', 'SC,LC,FC (PATCHCORD)', 'VPN', 'DWDM', 'CCTV / IP-CAMERA', 'SINGLE LINK', '3rd PARTY LINK', 'TRIPLE LINK', 'NO PROTECTION', 'DDOS', 'DRC', 'OXYGEN SELFCARE', 'MORATELINDO', 'BUILDING MANAGEMENT', 'CUSTOMER', 'BUILDING MANAGEMENT', '21');
INSERT INTO `srf_multiple_service` VALUES ('12', '26', '4', 'DOMESTIC LINK', '68', '121', 'Mbps', null, 'Charged', 'PERMANENT', 'TEMPORARY TRIAL', 'MAIN SERVICE', 'MORATELINDO', '95%', 'APPLIED', '2020-01-01', '2020-02-01', '2', '1', 'FIBER OPTIC', 'SC,LC,FC (PATCHCORD)', 'VPN', 'GPON', 'MINI HEADEND', 'SINGLE LINK', '3rd PARTY LINK', 'DOUBLE LINK', 'NO PROTECTION', 'ANTI VIRUS', 'DRC', 'NOT AVAILABLE', 'MORATELINDO', 'MORATELINDO', 'MORATELINDO', 'MORATELINDO', '22');

-- ----------------------------
-- Table structure for srf_personal_detail
-- ----------------------------
DROP TABLE IF EXISTS `srf_personal_detail`;
CREATE TABLE `srf_personal_detail` (
  `id` int(10) unsigned NOT NULL AUTO_INCREMENT,
  `srf_id` int(10) DEFAULT NULL,
  `customer_id` int(10) DEFAULT NULL,
  `name` varchar(255) DEFAULT NULL,
  `birthday` date DEFAULT NULL,
  `gender` varchar(20) NOT NULL,
  `nationality` varchar(100) NOT NULL,
  `address` text,
  `subdistrict` varchar(100) NOT NULL,
  `district` varchar(100) NOT NULL,
  `city` varchar(100) NOT NULL,
  `state` varchar(100) NOT NULL,
  `zip_code` varchar(100) NOT NULL,
  `personal_id` varchar(200) NOT NULL,
  `npwp` varchar(200) NOT NULL,
  `phone` varchar(50) NOT NULL,
  `mobile` varchar(50) NOT NULL,
  `profession` varchar(200) NOT NULL,
  `building_type` varchar(200) NOT NULL,
  `number_of_floor` varchar(10) NOT NULL,
  `created_date` timestamp NOT NULL DEFAULT CURRENT_TIMESTAMP ON UPDATE CURRENT_TIMESTAMP,
  PRIMARY KEY (`id`)
) ENGINE=InnoDB AUTO_INCREMENT=3 DEFAULT CHARSET=latin1;

-- ----------------------------
-- Records of srf_personal_detail
-- ----------------------------
INSERT INTO `srf_personal_detail` VALUES ('1', '1', '1', null, '1970-01-01', 'F', 'test', 'test', 'test', 'test', 'test', 'test', 'test', 'test', 'test', '', 'test', 'Employee', 'Appartment', 'test', '2019-09-05 09:28:37');
INSERT INTO `srf_personal_detail` VALUES ('2', '11', '3201', null, '0000-07-01', 'F', '7', '7', '7', '7', '7', '7', '7', '7', '7', '', '7', 'Student', 'Appartment', '7', '2020-01-07 18:26:20');

-- ----------------------------
-- Table structure for srf_service
-- ----------------------------
DROP TABLE IF EXISTS `srf_service`;
CREATE TABLE `srf_service` (
  `id` int(10) unsigned NOT NULL AUTO_INCREMENT,
  `srf_id` int(10) DEFAULT NULL,
  `group_id` int(10) DEFAULT NULL,
  `service_id` int(10) DEFAULT NULL,
  `capacity` varchar(100) NOT NULL,
  `uom` varchar(255) DEFAULT NULL,
  PRIMARY KEY (`id`)
) ENGINE=InnoDB AUTO_INCREMENT=14 DEFAULT CHARSET=latin1;

-- ----------------------------
-- Records of srf_service
-- ----------------------------
INSERT INTO `srf_service` VALUES ('1', '1', '1', '1', '22', null);
INSERT INTO `srf_service` VALUES ('2', '1', '1', '2', '33', null);
INSERT INTO `srf_service` VALUES ('3', '2', '1', '1', '12', null);
INSERT INTO `srf_service` VALUES ('4', '2', '1', '2', '12', null);
INSERT INTO `srf_service` VALUES ('5', '3', '2', '10', '25', null);
INSERT INTO `srf_service` VALUES ('6', '4', '1', '1', '6', null);
INSERT INTO `srf_service` VALUES ('7', '6', '1', '1', '12', null);
INSERT INTO `srf_service` VALUES ('8', '7', '1', '1', '13', null);
INSERT INTO `srf_service` VALUES ('9', '8', '1', '1', '22', null);
INSERT INTO `srf_service` VALUES ('10', '9', '1', '1', '100', null);
INSERT INTO `srf_service` VALUES ('11', '10', '1', '1', '100', null);
INSERT INTO `srf_service` VALUES ('12', '11', '1', '1', '78', null);
INSERT INTO `srf_service` VALUES ('13', '11', '2', '17', '77', null);

-- ----------------------------
-- Table structure for stages
-- ----------------------------
DROP TABLE IF EXISTS `stages`;
CREATE TABLE `stages` (
  `id` int(10) unsigned NOT NULL AUTO_INCREMENT,
  `customer_id` int(10) unsigned NOT NULL,
  `workflow_id` int(10) unsigned NOT NULL,
  `created_date` timestamp NOT NULL DEFAULT CURRENT_TIMESTAMP ON UPDATE CURRENT_TIMESTAMP,
  PRIMARY KEY (`id`),
  KEY `fk_stages_customer1_idx` (`customer_id`),
  KEY `fk_stages_workflow1_idx` (`workflow_id`),
  CONSTRAINT `fk_stages_customer1` FOREIGN KEY (`customer_id`) REFERENCES `customer` (`id`) ON DELETE NO ACTION ON UPDATE NO ACTION,
  CONSTRAINT `fk_stages_workflow1` FOREIGN KEY (`workflow_id`) REFERENCES `workflow` (`id`) ON DELETE NO ACTION ON UPDATE NO ACTION
) ENGINE=InnoDB AUTO_INCREMENT=24 DEFAULT CHARSET=latin1;

-- ----------------------------
-- Records of stages
-- ----------------------------
INSERT INTO `stages` VALUES ('1', '1', '1', '2019-07-26 09:52:04');
INSERT INTO `stages` VALUES ('2', '2', '1', '2019-07-26 10:50:38');
INSERT INTO `stages` VALUES ('3', '3', '1', '2019-08-02 10:54:06');
INSERT INTO `stages` VALUES ('4', '4', '1', '2019-08-02 11:02:36');
INSERT INTO `stages` VALUES ('5', '5', '1', '2019-08-02 11:40:08');
INSERT INTO `stages` VALUES ('6', '6', '1', '2019-08-07 15:25:07');
INSERT INTO `stages` VALUES ('7', '7', '1', '2019-08-08 09:47:29');
INSERT INTO `stages` VALUES ('8', '8', '1', '2019-08-19 10:32:33');
INSERT INTO `stages` VALUES ('9', '9', '1', '2019-08-19 14:33:19');
INSERT INTO `stages` VALUES ('10', '10', '1', '2019-09-02 14:51:54');
INSERT INTO `stages` VALUES ('11', '11', '1', '2019-09-02 14:57:10');
INSERT INTO `stages` VALUES ('12', '4', '1', '2019-09-04 14:29:55');
INSERT INTO `stages` VALUES ('13', '12', '1', '2019-09-18 09:57:03');
INSERT INTO `stages` VALUES ('14', '12', '2', '2019-09-18 10:01:46');
INSERT INTO `stages` VALUES ('15', '12', '6', '2019-09-18 10:02:04');
INSERT INTO `stages` VALUES ('16', '13', '1', '2019-10-03 13:23:04');
INSERT INTO `stages` VALUES ('17', '13', '2', '2019-10-03 13:24:35');
INSERT INTO `stages` VALUES ('18', '3', '6', '2019-10-04 15:17:23');
INSERT INTO `stages` VALUES ('19', '14', '1', '2019-10-07 13:52:13');
INSERT INTO `stages` VALUES ('20', '15', '1', '2019-10-08 10:17:56');
INSERT INTO `stages` VALUES ('21', '16', '1', '2019-10-08 10:31:50');
INSERT INTO `stages` VALUES ('22', '13', '1', '2019-10-10 10:21:42');
INSERT INTO `stages` VALUES ('23', '13', '2', '2019-10-10 10:22:36');

-- ----------------------------
-- Table structure for telephone
-- ----------------------------
DROP TABLE IF EXISTS `telephone`;
CREATE TABLE `telephone` (
  `id` int(11) NOT NULL AUTO_INCREMENT,
  `customer_id` int(10) unsigned NOT NULL,
  `number` varchar(30) NOT NULL,
  PRIMARY KEY (`id`),
  KEY `fk_telephone_customer1_idx` (`customer_id`),
  CONSTRAINT `fk_telephone_customer1` FOREIGN KEY (`customer_id`) REFERENCES `customer` (`id`) ON DELETE NO ACTION ON UPDATE NO ACTION
) ENGINE=InnoDB AUTO_INCREMENT=21 DEFAULT CHARSET=latin1;

-- ----------------------------
-- Records of telephone
-- ----------------------------
INSERT INTO `telephone` VALUES ('1', '1', '021 5674223');
INSERT INTO `telephone` VALUES ('2', '2', '021-82483255');
INSERT INTO `telephone` VALUES ('3', '3', '021 3904418');
INSERT INTO `telephone` VALUES ('4', '4', '021 79180234');
INSERT INTO `telephone` VALUES ('5', '5', '021 5868726');
INSERT INTO `telephone` VALUES ('6', '6', '021 7817247');
INSERT INTO `telephone` VALUES ('7', '7', '021 7817823');
INSERT INTO `telephone` VALUES ('9', '8', '02129406999');
INSERT INTO `telephone` VALUES ('10', '9', '0217362445');
INSERT INTO `telephone` VALUES ('11', '9', '085693917628');
INSERT INTO `telephone` VALUES ('12', '10', '0281623321');
INSERT INTO `telephone` VALUES ('13', '11', '0265326058');
INSERT INTO `telephone` VALUES ('14', '12', '123456789');
INSERT INTO `telephone` VALUES ('15', '13', '087785319679');
INSERT INTO `telephone` VALUES ('16', '14', '0215544515');
INSERT INTO `telephone` VALUES ('17', '15', '0281636584');
INSERT INTO `telephone` VALUES ('18', '15', '085227234152');
INSERT INTO `telephone` VALUES ('20', '16', '0281636293');

-- ----------------------------
-- Table structure for user
-- ----------------------------
DROP TABLE IF EXISTS `user`;
CREATE TABLE `user` (
  `id` int(10) unsigned NOT NULL AUTO_INCREMENT,
  `employee_id` int(10) unsigned NOT NULL,
  `leveluser_id` int(10) unsigned NOT NULL,
  `active` tinyint(1) NOT NULL DEFAULT '1',
  `supervisor_id` int(10) unsigned DEFAULT NULL,
  `online` tinyint(1) NOT NULL DEFAULT '0',
  PRIMARY KEY (`id`),
  KEY `fk_user_employee1_idx` (`employee_id`),
  KEY `fk_user_leveluser1_idx` (`leveluser_id`),
  KEY `fk_user_employee2_idx` (`supervisor_id`),
  CONSTRAINT `fk_user_employee1` FOREIGN KEY (`employee_id`) REFERENCES `employee` (`id`) ON DELETE NO ACTION ON UPDATE NO ACTION,
  CONSTRAINT `fk_user_employee2` FOREIGN KEY (`supervisor_id`) REFERENCES `employee` (`id`) ON DELETE NO ACTION ON UPDATE NO ACTION,
  CONSTRAINT `fk_user_leveluser1` FOREIGN KEY (`leveluser_id`) REFERENCES `leveluser` (`id`) ON DELETE NO ACTION ON UPDATE NO ACTION
) ENGINE=InnoDB AUTO_INCREMENT=51 DEFAULT CHARSET=latin1;

-- ----------------------------
-- Records of user
-- ----------------------------
INSERT INTO `user` VALUES ('1', '1', '1', '1', null, '1');
INSERT INTO `user` VALUES ('2', '2', '1', '1', null, '0');
INSERT INTO `user` VALUES ('3', '3', '3', '1', '10', '1');
INSERT INTO `user` VALUES ('4', '4', '1', '1', null, '1');
INSERT INTO `user` VALUES ('7', '7', '3', '1', '5', '0');
INSERT INTO `user` VALUES ('8', '8', '1', '1', null, '0');
INSERT INTO `user` VALUES ('9', '9', '2', '1', null, '1');
INSERT INTO `user` VALUES ('10', '10', '2', '1', null, '1');
INSERT INTO `user` VALUES ('11', '11', '3', '1', '9', '0');
INSERT INTO `user` VALUES ('12', '12', '3', '1', '9', '0');
INSERT INTO `user` VALUES ('13', '13', '3', '1', '10', '0');
INSERT INTO `user` VALUES ('14', '14', '3', '1', '10', '1');
INSERT INTO `user` VALUES ('15', '15', '3', '1', '5', '1');
INSERT INTO `user` VALUES ('16', '16', '4', '1', null, '0');
INSERT INTO `user` VALUES ('17', '17', '2', '1', null, '0');
INSERT INTO `user` VALUES ('18', '18', '3', '1', '17', '0');
INSERT INTO `user` VALUES ('19', '19', '3', '1', '17', '0');
INSERT INTO `user` VALUES ('20', '20', '3', '1', '17', '0');
INSERT INTO `user` VALUES ('21', '21', '3', '1', '17', '0');
INSERT INTO `user` VALUES ('22', '22', '3', '1', '17', '1');
INSERT INTO `user` VALUES ('23', '23', '3', '1', '17', '0');
INSERT INTO `user` VALUES ('24', '24', '3', '1', '17', '0');
INSERT INTO `user` VALUES ('25', '25', '2', '1', null, '0');
INSERT INTO `user` VALUES ('26', '26', '3', '1', '25', '1');
INSERT INTO `user` VALUES ('27', '27', '3', '1', '25', '0');
INSERT INTO `user` VALUES ('28', '28', '3', '1', '25', '0');
INSERT INTO `user` VALUES ('29', '29', '3', '1', '25', '0');
INSERT INTO `user` VALUES ('30', '30', '3', '1', '25', '0');
INSERT INTO `user` VALUES ('31', '31', '3', '1', '25', '0');
INSERT INTO `user` VALUES ('32', '32', '1', '1', null, '1');
INSERT INTO `user` VALUES ('33', '33', '4', '1', null, '1');
INSERT INTO `user` VALUES ('34', '34', '1', '1', null, '0');
INSERT INTO `user` VALUES ('35', '35', '3', '1', '17', '0');
INSERT INTO `user` VALUES ('36', '36', '3', '1', '17', '0');
INSERT INTO `user` VALUES ('37', '37', '1', '1', null, '1');
INSERT INTO `user` VALUES ('38', '38', '1', '1', null, '1');
INSERT INTO `user` VALUES ('39', '39', '4', '1', null, '1');
INSERT INTO `user` VALUES ('40', '40', '4', '1', null, '1');
INSERT INTO `user` VALUES ('41', '41', '4', '1', null, '1');
INSERT INTO `user` VALUES ('42', '42', '1', '1', null, '0');
INSERT INTO `user` VALUES ('43', '43', '4', '1', null, '0');
INSERT INTO `user` VALUES ('44', '44', '4', '1', null, '1');
INSERT INTO `user` VALUES ('45', '45', '3', '1', '9', '1');
INSERT INTO `user` VALUES ('46', '46', '3', '1', '9', '0');
INSERT INTO `user` VALUES ('47', '47', '3', '1', '9', '1');
INSERT INTO `user` VALUES ('48', '48', '2', '1', null, '1');
INSERT INTO `user` VALUES ('49', '49', '2', '1', null, '1');
INSERT INTO `user` VALUES ('50', '50', '1', '1', null, '1');

-- ----------------------------
-- Table structure for workflow
-- ----------------------------
DROP TABLE IF EXISTS `workflow`;
CREATE TABLE `workflow` (
  `id` int(10) unsigned NOT NULL AUTO_INCREMENT,
  `name` varchar(50) NOT NULL,
  `order` tinyint(4) NOT NULL,
  `active` tinyint(1) NOT NULL,
  PRIMARY KEY (`id`)
) ENGINE=InnoDB AUTO_INCREMENT=7 DEFAULT CHARSET=latin1;

-- ----------------------------
-- Records of workflow
-- ----------------------------
INSERT INTO `workflow` VALUES ('1', 'Canvasing', '1', '1');
INSERT INTO `workflow` VALUES ('2', 'Prospect', '2', '1');
INSERT INTO `workflow` VALUES ('3', 'Negotiation', '3', '1');
INSERT INTO `workflow` VALUES ('4', 'Registration', '4', '1');
INSERT INTO `workflow` VALUES ('5', 'Official Report', '5', '1');
INSERT INTO `workflow` VALUES ('6', 'Close', '6', '1');
SET FOREIGN_KEY_CHECKS=1;
